equipment_code,ttf_h,heures_fonct,date_panne
TR-04,754.3,60598.600000000006,2030-11-29 22:36
TR-01,125.7,27184.200000000008,2027-02-06 16:12
TR-04,389.3,45808.20000000001,2029-03-23 16:12
TR-04,41.4,43799.00000000001,2028-12-29 23:00
TR-03,211.8,29332.900000000005,2027-05-07 04:54
TR-05,164.1,44174.49999999998,2029-01-14 14:29
TR-02,135.0,12469.300000000001,2025-06-03 13:18
TR-05,169.3,87014.29999999999,2033-12-04 14:17
TR-04,739.8,2427.3999999999996,2024-04-11 03:23
TR-02,592.3,58864.89999999999,2030-09-18 16:53
TR-05,271.0,56898.5,2030-06-28 18:30
TR-05,377.1,26892.2,2027-01-25 12:12
TR-02,321.6,23495.09999999999,2026-09-05 23:05
TR-01,461.5,43452.299999999996,2028-12-15 12:17
TR-04,976.5,82834.19999999995,2033-06-13 10:11
TR-05,472.5,50913.79999999999,2029-10-22 09:47
TR-02,683.1,72420.40000000001,2032-04-05 12:24
TR-03,30.2,24091.0,2026-09-30 19:00
TR-05,713.3,52358.1,2029-12-21 14:06
TR-03,301.3,21300.999999999996,2026-06-06 12:59
TR-01,433.7,52937.999999999985,2030-01-14 17:59
TR-04,1048.6,51049.700000000004,2029-10-28 01:42
TR-01,63.4,20892.90000000001,2026-05-20 12:54
TR-05,499.1,61504.799999999996,2031-01-06 16:47
TR-02,260.0,17233.1,2025-12-19 01:05
TR-04,683.5,98399.39999999995,2035-03-23 23:23
TR-02,258.1,54351.19999999998,2030-03-14 15:11
TR-05,825.6,3672.1,2024-06-02 00:06
TR-03,134.5,18740.899999999994,2026-02-19 20:53
TR-02,224.5,44858.79999999999,2029-02-12 02:47
TR-03,11.0,19247.699999999997,2026-03-12 23:41
TR-01,90.9,4253.499999999999,2024-06-26 05:29
TR-05,303.9,38257.59999999999,2028-05-13 01:35
TR-05,121.7,24545.500000000004,2026-10-19 17:30
TR-01,392.1,51373.89999999999,2029-11-10 13:53
TR-03,268.4,26306.800000000003,2027-01-01 02:48
TR-02,415.2,67991.59999999999,2031-10-03 23:35
TR-03,42.2,33774.9,2027-11-08 06:54
TR-05,133.8,72563.29999999999,2032-04-11 11:17
TR-05,133.2,21549.600000000002,2026-06-16 21:36
TR-02,354.2,57044.599999999984,2030-07-04 20:35
TR-01,586.6,39383.90000000001,2028-06-28 23:54
TR-03,182.6,15601.299999999997,2025-10-12 01:17
TR-05,537.4,13972.0,2025-08-05 04:00
TR-02,233.4,12227.7,2025-05-24 11:42
TR-05,553.9,50239.999999999985,2029-09-24 07:59
TR-04,617.0,43215.40000000001,2028-12-05 15:24
TR-03,196.4,38563.1,2028-05-25 19:06
TR-01,130.1,38797.30000000001,2028-06-04 13:18
TR-04,690.2,23277.600000000006,2026-08-27 21:36
TR-04,306.4,97715.89999999995,2035-02-23 11:53
TR-05,382.8,72429.49999999999,2032-04-05 21:29
TR-05,740.7,40739.69999999999,2028-08-24 11:41
TR-02,567.0,25209.299999999992,2026-11-16 09:17
TR-03,73.4,42129.700000000004,2028-10-21 09:42
TR-05,429.8,86844.99999999999,2033-11-27 12:59
TR-03,137.8,8473.199999999997,2024-12-19 01:11
TR-05,367.4,83561.79999999999,2033-07-13 17:47
TR-01,252.6,35519.20000000001,2028-01-19 23:12
TR-05,372.8,49566.599999999984,2029-08-27 06:35
TR-03,5.7,24060.8,2026-09-29 12:48
TR-05,323.0,24423.800000000003,2026-10-14 15:48
TR-01,69.1,1609.3999999999999,2024-03-08 01:23
TR-04,550.3,59318.9,2030-10-07 14:54
TR-02,106.6,12334.300000000001,2025-05-28 22:18
TR-05,833.1,28647.1,2027-04-08 15:06
TR-01,461.1,9254.099999999999,2025-01-20 14:05
TR-03,11.4,24170.300000000003,2026-10-04 02:18
TR-02,21.8,23516.89999999999,2026-09-06 20:53
TR-05,451.3,8051.8,2024-12-01 11:48
TR-05,587.0,21416.4,2026-06-11 08:24
TR-04,490.0,44634.700000000004,2029-02-02 18:42
TR-05,555.2,11338.5,2025-04-17 10:30
TR-03,70.5,35204.200000000004,2028-01-06 20:12
TR-04,301.6,8352.9,2024-12-14 00:54
TR-02,43.7,51402.69999999998,2029-11-11 18:41
TR-05,1463.9,17792.9,2026-01-11 08:54
TR-04,966.2,78778.39999999997,2032-12-26 10:23
TR-01,642.0,814.4,2024-02-03 22:24
TR-01,66.0,46265.3,2029-04-11 17:18
TR-05,1471.1,30517.199999999997,2027-06-25 13:11
TR-04,424.3,72907.79999999999,2032-04-25 19:47
TR-01,430.6,18878.300000000003,2026-02-25 14:18
TR-01,43.0,20662.40000000001,2026-05-10 22:24
TR-01,123.9,47801.6,2029-06-14 17:36
TR-05,309.5,64461.299999999996,2031-05-09 21:17
TR-04,91.0,17973.400000000005,2026-01-18 21:24
TR-05,567.1,54938.299999999996,2030-04-08 02:17
TR-02,433.8,40190.99999999999,2028-08-01 14:59
TR-03,304.1,34656.9,2027-12-15 00:54
TR-05,307.0,64151.799999999996,2031-04-26 23:47
TR-02,43.0,72896.70000000001,2032-04-25 08:42
TR-04,308.2,32743.500000000007,2027-09-26 07:30
TR-01,374.1,25017.800000000007,2026-11-08 09:48
TR-01,220.0,34035.900000000016,2027-11-19 03:54
TR-05,294.1,76566.3,2032-09-25 06:18
TR-03,85.5,39335.9,2028-06-26 23:54
TR-05,251.8,4869.200000000001,2024-07-21 21:12
TR-01,251.2,24643.700000000008,2026-10-23 19:42
TR-02,797.7,3856.8,2024-06-09 16:48
TR-03,627.5,29960.400000000005,2027-06-02 08:24
TR-03,235.9,15837.199999999997,2025-10-21 21:11
TR-02,991.4,5162.1,2024-08-03 02:06
TR-01,15.4,2768.2,2024-04-25 08:12
TR-01,159.7,5709.499999999999,2024-08-25 21:29
TR-04,525.4,59844.3,2030-10-29 12:18
TR-02,338.2,70202.4,2032-01-04 02:23
TR-01,431.5,48570.4,2029-07-16 18:24
TR-02,222.7,57542.79999999998,2030-07-25 14:47
TR-01,337.3,48138.9,2029-06-28 18:54
TR-01,142.5,22048.200000000008,2026-07-07 16:12
TR-05,503.9,20705.800000000003,2026-05-12 17:48
TR-02,63.4,57606.19999999998,2030-07-28 06:11
TR-05,364.7,49193.79999999998,2029-08-11 17:47
TR-05,170.2,37389.79999999999,2028-04-06 21:47
TR-04,271.1,31236.200000000004,2027-07-25 12:12
TR-04,473.5,30965.100000000006,2027-07-14 05:06
TR-01,134.6,15689.300000000001,2025-10-15 17:18
TR-01,38.2,7382.899999999999,2024-11-03 14:53
TR-01,297.7,6930.699999999998,2024-10-15 18:41
TR-01,216.5,23593.200000000008,2026-09-10 01:12
TR-04,199.0,87560.89999999995,2033-12-27 08:53
TR-05,500.1,27392.3,2027-02-15 08:18
TR-03,108.7,40209.2,2028-08-02 09:12
TR-03,259.4,26658.000000000004,2027-01-15 18:00
TR-04,846.4,81857.69999999995,2033-05-03 17:41
TR-05,457.6,73020.9,2032-04-30 12:53
TR-03,1246.2,13693.099999999999,2025-07-24 13:05
TR-05,1081.2,48228.89999999998,2029-07-02 12:53
TR-02,569.1,9431.300000000001,2025-01-27 23:18
TR-02,334.7,76051.70000000003,2032-09-03 19:42
TR-03,972.3,4073.3999999999996,2024-06-18 17:23
TR-05,333.9,76900.2,2032-10-09 04:12
TR-03,80.0,21380.999999999996,2026-06-09 20:59
TR-03,808.9,28128.300000000007,2027-03-18 00:18
TR-01,362.5,35881.70000000001,2028-02-04 01:42
TR-03,710.3,18606.399999999994,2026-02-14 06:23
TR-01,444.8,31729.90000000001,2027-08-15 01:54
TR-05,123.6,20829.4,2026-05-17 21:24
TR-03,188.1,9012.799999999997,2025-01-10 12:47
TR-03,173.1,1081.6,2024-02-15 01:35
TR-01,94.7,12091.800000000003,2025-05-18 19:48
TR-01,306.0,22853.300000000007,2026-08-10 05:18
TR-04,658.4,52320.50000000001,2029-12-20 00:30
TR-01,47.2,9432.9,2025-01-28 00:54
TR-01,224.2,25242.000000000007,2026-11-17 18:00
TR-01,250.7,4720.0999999999985,2024-07-15 16:05
TR-03,258.7,42993.3,2028-11-26 09:18
TR-05,484.4,86322.39999999998,2033-11-05 18:23
TR-03,552.2,24055.1,2026-09-29 07:06
TR-03,9.1,30596.300000000003,2027-06-28 20:18
TR-03,98.1,39588.4,2028-07-07 12:24
TR-02,264.1,78329.90000000004,2032-12-07 17:54
TR-05,52.5,45524.599999999984,2029-03-11 20:35
TR-02,85.6,41601.59999999999,2028-09-29 09:35
TR-05,385.7,67132.89999999998,2031-08-29 04:53
TR-02,480.8,35471.499999999985,2028-01-17 23:29
TR-05,97.9,1618.3000000000002,2024-03-08 10:18
TR-02,432.8,78762.70000000004,2032-12-25 18:42
TR-02,422.3,84422.20000000004,2033-08-18 14:12
TR-02,80.9,14295.799999999997,2025-08-18 15:47
TR-04,295.7,67752.19999999998,2031-09-24 00:11
TR-05,303.7,16171.900000000001,2025-11-04 19:54
TR-05,861.4,32375.7,2027-09-10 23:42
TR-02,147.3,85095.90000000004,2033-09-15 15:54
TR-04,575.6,57615.4,2030-07-28 15:24
TR-01,41.1,27898.90000000001,2027-03-08 10:54
TR-03,105.9,34129.200000000004,2027-11-23 01:12
TR-01,94.2,4162.599999999999,2024-06-22 10:35
TR-04,287.8,89699.59999999996,2034-03-26 11:35
TR-03,69.9,24240.200000000004,2026-10-07 00:12
TR-03,837.2,12197.699999999999,2025-05-23 05:41
TR-01,398.8,13243.500000000002,2025-07-05 19:30
TR-03,39.5,43553.6,2028-12-19 17:36
TR-01,328.2,2752.7999999999997,2024-04-24 16:47
TR-01,486.3,19470.400000000005,2026-03-22 06:24
TR-05,1480.3,59579.5,2030-10-18 11:30
TR-05,521.4,39998.99999999999,2028-07-24 14:59
TR-03,91.8,26398.600000000002,2027-01-04 22:36
TR-04,209.6,26437.800000000007,2027-01-06 13:48
TR-02,109.3,24132.999999999993,2026-10-02 12:59
TR-02,22.3,28791.099999999988,2027-04-14 15:05
TR-03,97.5,25905.300000000003,2026-12-15 09:18
TR-03,162.4,12417.399999999998,2025-06-01 09:23
TR-04,1492.7,69244.89999999998,2031-11-25 04:53
TR-05,671.4,66356.99999999999,2031-07-27 20:59
TR-02,303.0,40856.99999999999,2028-08-29 08:59
TR-01,141.4,46406.700000000004,2029-04-17 14:42
TR-03,194.1,16489.699999999997,2025-11-18 01:41
TR-02,483.4,6977.8,2024-10-17 17:48
TR-03,160.6,48129.19999999999,2029-06-28 09:11
TR-04,720.7,49912.00000000001,2029-09-10 16:00
TR-01,709.9,13953.400000000001,2025-08-04 09:24
TR-03,433.5,16295.599999999997,2025-11-09 23:35
TR-01,103.4,6404.499999999998,2024-09-23 20:29
TR-01,260.8,14753.900000000001,2025-09-06 17:54
TR-05,485.3,84549.7,2033-08-23 21:42
TR-05,125.5,56627.5,2030-06-17 11:30
TR-04,838.2,24885.700000000008,2026-11-02 21:42
TR-03,261.9,19095.699999999997,2026-03-06 15:41
TR-01,344.4,9777.3,2025-02-11 09:18
TR-05,61.9,82297.0,2033-05-22 01:00
TR-01,119.7,41549.3,2028-09-27 05:18
TR-05,558.7,87572.99999999999,2033-12-27 20:59
TR-04,700.4,67456.49999999999,2031-09-11 16:29
TR-02,59.0,37537.19999999999,2028-04-13 01:11
TR-04,250.1,89411.79999999996,2034-03-14 11:47
TR-02,202.7,7525.6,2024-11-09 13:36
TR-02,304.8,49731.19999999999,2029-09-03 03:11
TR-02,995.7,42597.29999999999,2028-11-09 21:17
TR-05,32.5,68762.49999999999,2031-11-05 02:29
TR-02,360.0,87155.60000000003,2033-12-10 11:36
TR-03,40.5,20466.499999999996,2026-05-02 18:29
TR-01,517.9,31050.80000000001,2027-07-17 18:48
TR-02,315.8,65425.19999999999,2031-06-19 01:11
TR-03,324.2,37328.2,2028-04-04 08:12
TR-04,513.7,66756.09999999999,2031-08-13 12:05
TR-04,769.9,24047.500000000007,2026-09-28 23:30
TR-03,289.6,23333.199999999997,2026-08-30 05:11
TR-01,147.9,32464.50000000001,2027-09-14 16:30
TR-04,1423.1,41266.700000000004,2028-09-15 10:42
TR-01,177.9,15867.2,2025-10-23 03:12
TR-03,225.0,10703.599999999999,2025-03-21 23:35
TR-02,80.9,15566.899999999996,2025-10-10 14:53
TR-03,141.1,39729.5,2028-07-13 09:30
TR-02,666.4,58272.599999999984,2030-08-25 00:35
TR-05,526.9,85837.99999999999,2033-10-16 13:59
TR-02,308.1,22227.999999999993,2026-07-15 03:59
TR-03,17.8,42525.50000000001,2028-11-06 21:30
TR-01,345.6,1160.0,2024-02-18 08:00
TR-05,127.0,12107.5,2025-05-19 11:30
TR-04,570.8,95570.29999999994,2034-11-26 02:17
TR-04,175.1,48601.90000000001,2029-07-18 01:54
TR-05,728.3,33229.5,2027-10-16 13:30
TR-03,68.7,23401.899999999998,2026-09-02 01:53
TR-01,402.6,41429.600000000006,2028-09-22 05:36
TR-01,302.0,1462.0,2024-03-01 22:00
TR-02,754.1,70956.5,2032-02-04 12:30
TR-02,768.6,2773.3,2024-04-25 13:18
TR-03,633.3,33732.700000000004,2027-11-06 12:42
TR-01,692.7,8075.5999999999985,2024-12-02 11:35
TR-01,253.3,2424.6,2024-04-11 00:36
TR-03,327.8,43911.4,2029-01-03 15:24
TR-03,233.7,27049.200000000004,2027-02-01 01:12
TR-04,425.1,58768.6,2030-09-14 16:36
TR-04,931.9,17326.100000000006,2025-12-22 22:06
TR-02,306.8,72727.20000000001,2032-04-18 07:12
TR-02,674.2,64902.599999999984,2031-05-28 06:35
TR-05,582.7,5712.3,2024-08-26 00:18
TR-03,101.0,23502.899999999998,2026-09-06 06:53
TR-02,118.7,84948.60000000003,2033-09-09 12:36
TR-01,517.0,33809.400000000016,2027-11-09 17:24
TR-03,309.9,19949.8,2026-04-11 05:48
TR-01,55.6,34381.900000000016,2027-12-03 13:54
TR-04,745.5,87361.89999999995,2033-12-19 01:53
TR-04,323.9,3919.3999999999996,2024-06-12 07:23
TR-01,747.2,37524.80000000001,2028-04-12 12:48
TR-03,47.7,9313.699999999999,2025-01-23 01:41
TR-04,573.4,18546.800000000007,2026-02-11 18:48
TR-04,55.7,34389.100000000006,2027-12-03 21:06
TR-01,195.2,5904.699999999999,2024-09-03 00:41
TR-04,1003.1,12736.4,2025-06-14 16:24
TR-03,228.7,6031.699999999999,2024-09-08 07:41
TR-01,612.6,35134.500000000015,2028-01-03 22:30
TR-04,690.7,53886.600000000006,2030-02-23 06:36
TR-03,2.0,7011.0999999999985,2024-10-19 03:05
TR-02,390.2,25599.499999999993,2026-12-02 15:29
TR-04,598.6,47119.10000000001,2029-05-17 07:06
TR-02,213.0,40403.99999999999,2028-08-10 11:59
TR-04,202.7,29703.100000000006,2027-05-22 15:06
TR-05,458.7,47147.69999999998,2029-05-18 11:41
TR-02,948.1,55299.29999999998,2030-04-23 03:17
TR-02,259.7,86093.10000000003,2033-10-27 05:06
TR-03,258.5,46255.2,2029-04-11 07:12
TR-01,24.4,43730.9,2028-12-27 02:54
TR-04,345.7,44144.700000000004,2029-01-13 08:42
TR-04,182.7,39531.40000000001,2028-07-05 03:24
TR-05,411.6,58099.2,2030-08-17 19:12
TR-05,862.6,63294.5,2031-03-22 06:30
TR-01,539.7,14493.100000000002,2025-08-26 21:06
TR-01,303.6,44286.0,2029-01-19 06:00
TR-02,396.2,69265.3,2031-11-26 01:18
TR-05,315.8,48544.69999999998,2029-07-15 16:41
TR-01,482.0,29158.30000000001,2027-04-29 22:18
TR-02,21.5,3059.1000000000004,2024-05-07 11:06
TR-01,253.6,49062.7,2029-08-06 06:42
TR-01,483.0,4068.3999999999996,2024-06-18 12:23
TR-05,81.3,9062.6,2025-01-12 14:36
TR-02,291.0,51693.69999999998,2029-11-23 21:41
TR-02,70.0,10510.400000000001,2025-03-13 22:24
TR-03,39.5,21420.499999999996,2026-06-11 12:29
TR-03,168.1,16882.999999999996,2025-12-04 10:59
TR-05,90.4,89398.69999999997,2034-03-13 22:41
TR-03,48.8,4653.4,2024-07-12 21:23
TR-02,491.4,15401.199999999997,2025-10-03 17:11
TR-01,281.9,44902.5,2029-02-13 22:30
TR-03,244.9,17277.899999999998,2025-12-20 21:53
TR-05,42.0,67174.89999999998,2031-08-30 22:53
TR-04,589.4,49191.30000000001,2029-08-11 15:18
TR-05,137.7,40877.39999999999,2028-08-30 05:23
TR-02,1150.3,16717.199999999997,2025-11-27 13:11
TR-04,72.0,752.5,2024-02-01 08:30
TR-01,554.7,49791.09999999999,2029-09-05 15:05
TR-05,750.2,34315.399999999994,2027-11-30 19:23
TR-02,345.1,7322.900000000001,2024-11-01 02:54
TR-03,557.2,5802.999999999999,2024-08-29 18:59
TR-04,197.6,99704.79999999996,2035-05-17 08:47
TR-05,897.4,83194.4,2033-06-28 10:24
TR-02,282.6,68274.2,2031-10-15 18:12
TR-03,330.8,38976.9,2028-06-12 00:54
TR-02,1111.5,53495.79999999998,2030-02-06 23:47
TR-02,688.4,47526.69999999999,2029-06-03 06:41
TR-02,504.8,14214.899999999998,2025-08-15 06:53
TR-01,376.7,27745.10000000001,2027-03-02 01:06
TR-05,349.0,81203.70000000001,2033-04-06 11:42
TR-05,108.6,36888.49999999999,2028-03-17 00:29
TR-02,983.3,64228.39999999999,2031-04-30 04:23
TR-01,132.7,4469.399999999999,2024-07-05 05:23
TR-05,302.2,76272.2,2032-09-13 00:12
TR-01,817.2,3585.3999999999996,2024-05-29 09:23
TR-01,347.1,11326.100000000002,2025-04-16 22:06
TR-01,141.3,5060.699999999999,2024-07-29 20:41
TR-01,570.6,47677.7,2029-06-09 13:42
TR-02,117.4,65542.59999999999,2031-06-23 22:35
TR-05,283.6,75038.2,2032-07-23 14:12
TR-01,30.5,38667.20000000001,2028-05-30 03:12
TR-02,996.1,18815.699999999997,2026-02-22 23:41
TR-01,733.9,36777.60000000001,2028-03-12 09:36
TR-04,430.9,75675.99999999997,2032-08-19 03:59
TR-04,812.5,38791.80000000001,2028-06-04 07:48
TR-02,553.6,48968.79999999999,2029-08-02 08:47
TR-02,206.6,26972.49999999999,2027-01-28 20:29
TR-01,428.5,30449.60000000001,2027-06-22 17:36
TR-01,55.7,23648.90000000001,2026-09-12 08:54
TR-04,538.0,104953.09999999998,2035-12-22 01:05
TR-01,293.9,38429.80000000001,2028-05-20 05:48
TR-05,299.8,13434.6,2025-07-13 18:36
TR-01,19.3,25762.800000000007,2026-12-09 10:48
TR-01,126.8,38111.30000000001,2028-05-06 23:18
TR-01,78.3,1540.3,2024-03-05 04:18
TR-03,381.8,21885.199999999997,2026-06-30 21:11
TR-04,397.3,11733.3,2025-05-03 21:18
TR-05,207.6,706.3000000000001,2024-01-30 10:18
TR-03,219.3,30904.9,2027-07-11 16:54
TR-04,239.4,48426.80000000001,2029-07-10 18:48
TR-02,297.6,75717.00000000003,2032-08-20 21:00
TR-01,118.7,39502.600000000006,2028-07-03 22:36
TR-02,288.6,20893.899999999994,2026-05-20 13:53
TR-03,85.3,44700.0,2029-02-05 12:00
TR-05,183.8,10783.3,2025-03-25 07:18
TR-04,900.4,73808.19999999998,2032-06-02 08:11
TR-02,396.3,21919.899999999994,2026-07-02 07:53
TR-04,475.1,3595.4999999999995,2024-05-29 19:29
TR-04,243.8,71274.9,2032-02-17 18:53
TR-03,40.7,3101.0999999999995,2024-05-09 05:05
TR-02,272.0,77092.90000000002,2032-10-17 04:54
TR-01,129.9,28028.80000000001,2027-03-13 20:48
TR-03,262.0,633.3,2024-01-27 09:18
TR-02,395.2,34514.499999999985,2027-12-09 02:29
TR-01,323.0,23971.90000000001,2026-09-25 19:54
TR-03,63.6,33001.0,2027-10-07 01:00
TR-02,609.6,73506.30000000002,2032-05-20 18:18
TR-01,162.0,36043.70000000001,2028-02-10 19:42
TR-02,1182.5,43779.79999999999,2028-12-29 03:47
TR-05,219.4,67394.29999999997,2031-09-09 02:17
TR-03,214.4,40423.6,2028-08-11 07:36
TR-04,156.1,44790.8,2029-02-09 06:48
TR-05,897.1,25442.600000000002,2026-11-26 02:36
TR-05,296.7,80331.1,2033-03-01 03:06
TR-04,744.9,80558.29999999996,2033-03-10 14:17
TR-01,244.2,10274.1,2025-03-04 02:06
TR-05,399.0,29046.1,2027-04-25 06:06
TR-02,888.5,48415.19999999999,2029-07-10 07:11
TR-02,412.3,66900.4,2031-08-19 12:23
TR-05,761.4,85311.09999999999,2033-09-24 15:05
TR-03,122.6,46377.799999999996,2029-04-16 09:47
TR-05,148.6,45061.99999999998,2029-02-20 13:59
TR-05,149.2,68146.79999999997,2031-10-10 10:47
TR-01,40.8,17559.000000000004,2026-01-01 15:00
TR-04,331.3,98730.69999999995,2035-04-06 18:41
TR-02,382.1,32988.09999999999,2027-10-06 12:05
TR-02,347.6,10440.400000000001,2025-03-11 00:24
TR-03,616.6,35877.8,2028-02-03 21:48
TR-03,87.8,20134.6,2026-04-18 22:36
TR-01,28.6,15554.7,2025-10-10 02:42
TR-01,428.7,20619.40000000001,2026-05-09 03:24
TR-02,448.0,36681.89999999999,2028-03-08 09:53
TR-04,896.3,89161.69999999995,2034-03-04 01:41
TR-04,451.0,16394.200000000004,2025-11-14 02:12
TR-02,769.0,30731.79999999999,2027-07-04 11:47
TR-04,274.1,104415.09999999998,2035-11-29 15:05
TR-01,140.0,34521.900000000016,2027-12-09 09:54
TR-03,393.6,45568.5,2029-03-13 16:30
TR-04,370.6,14238.800000000001,2025-08-16 06:48
TR-05,697.5,77597.7,2032-11-07 05:42
TR-04,868.4,62269.70000000001,2031-02-07 13:42
TR-01,251.5,43982.4,2029-01-06 14:24
TR-01,131.6,9385.699999999999,2025-01-26 01:41
TR-03,180.3,40603.9,2028-08-18 19:54
TR-04,469.6,13206.0,2025-07-04 06:00
TR-03,10.1,19959.899999999998,2026-04-11 15:53
TR-02,586.5,17819.6,2026-01-12 11:35
TR-05,561.7,75599.9,2032-08-15 23:54
TR-01,115.7,32635.100000000013,2027-09-21 19:06
TR-02,56.2,51358.999999999985,2029-11-09 22:59
TR-03,334.1,44461.1,2029-01-26 13:06
TR-02,156.0,46056.39999999999,2029-04-03 00:23
TR-01,752.9,12844.700000000003,2025-06-19 04:42
TR-02,101.8,13628.199999999999,2025-07-21 20:11
TR-05,463.5,11980.5,2025-05-14 04:30
TR-01,833.7,40616.700000000004,2028-08-19 08:42
TR-05,1476.0,54278.899999999994,2030-03-11 14:53
TR-04,1186.2,100890.99999999996,2035-07-05 18:59
TR-01,107.2,10979.000000000002,2025-04-02 11:00
TR-05,700.8,22916.600000000002,2026-08-12 20:36
TR-01,73.2,17065.700000000004,2025-12-12 01:42
TR-03,154.4,39490.3,2028-07-03 10:18
TR-04,499.9,31736.100000000006,2027-08-15 08:06
TR-03,592.4,5245.799999999999,2024-08-06 13:47
TR-03,90.4,33091.4,2027-10-10 19:24
TR-02,233.1,74996.80000000002,2032-07-21 20:48
TR-03,88.7,31267.4,2027-07-26 19:24
TR-02,117.8,84829.90000000004,2033-09-04 13:54
TR-01,301.8,7262.0999999999985,2024-10-29 14:05
TR-05,264.0,26166.2,2026-12-26 06:12
TR-02,600.0,1784.3,2024-03-15 08:18
TR-01,541.8,30021.10000000001,2027-06-04 21:06
TR-04,133.2,72076.79999999999,2032-03-22 04:47
TR-03,153.6,6422.199999999999,2024-09-24 14:11
TR-02,465.1,85678.90000000004,2033-10-09 22:54
TR-04,446.4,34965.100000000006,2027-12-27 21:06
TR-01,160.5,16594.600000000002,2025-11-22 10:36
TR-05,347.7,12455.2,2025-06-02 23:12
TR-02,769.2,76820.90000000002,2032-10-05 20:54
TR-05,648.5,65109.799999999996,2031-06-05 21:47
TR-04,625.0,86043.89999999995,2033-10-25 03:53
TR-01,200.4,32835.500000000015,2027-09-30 03:30
TR-05,407.8,20201.9,2026-04-21 17:54
TR-04,515.4,94608.59999999995,2034-10-17 00:35
TR-03,55.0,371.3,2024-01-16 11:18
TR-03,168.7,30587.200000000004,2027-06-28 11:12
TR-01,295.3,41027.00000000001,2028-09-05 11:00
TR-04,395.4,76466.99999999997,2032-09-21 02:59
TR-05,129.2,74211.4,2032-06-19 03:23
TR-04,235.5,64349.700000000004,2031-05-05 05:42
TR-01,556.0,50347.09999999999,2029-09-28 19:05
TR-05,207.6,207.6,2024-01-09 15:36
TR-01,623.3,15377.2,2025-10-02 17:12
TR-03,378.9,14546.599999999999,2025-08-29 02:35
TR-05,862.0,18654.9,2026-02-16 06:54
TR-01,31.6,1640.9999999999998,2024-03-09 08:59
TR-03,452.2,7009.0999999999985,2024-10-19 01:05
TR-05,723.7,74082.2,2032-06-13 18:12
TR-03,269.8,10973.399999999998,2025-04-02 05:23
TR-02,715.6,39445.59999999999,2028-07-01 13:35
TR-01,157.8,43610.1,2028-12-22 02:06
TR-03,481.5,22892.399999999998,2026-08-11 20:23
TR-04,1240.8,77707.79999999997,2032-11-11 19:47
TR-03,332.5,45901.0,2029-03-27 13:00
TR-01,51.8,25743.500000000007,2026-12-08 15:30
TR-03,574.0,29121.100000000006,2027-04-28 09:06
TR-04,983.0,57039.8,2030-07-04 15:48
TR-01,373.2,41922.5,2028-10-12 18:30
TR-01,258.6,11723.300000000003,2025-05-03 11:18
TR-04,319.0,72483.49999999999,2032-04-08 03:29
TR-02,465.9,73972.20000000001,2032-06-09 04:12
TR-01,121.7,5549.799999999999,2024-08-19 05:47
TR-04,668.9,37063.90000000001,2028-03-24 07:54
TR-05,93.6,1086.4,2024-02-15 06:24
TR-02,564.1,63245.099999999984,2031-03-20 05:05
TR-01,11.7,44297.7,2029-01-19 17:42
TR-05,291.1,498.70000000000005,2024-01-21 18:42
TR-01,147.4,50811.69999999999,2029-10-18 03:41
TR-03,26.6,14167.699999999999,2025-08-13 07:41
TR-02,205.4,37742.59999999999,2028-04-21 14:35
TR-04,798.6,47917.70000000001,2029-06-19 13:42
TR-04,954.8,85163.69999999995,2033-09-18 11:41
TR-01,238.7,48809.1,2029-07-26 17:06
TR-01,29.6,6960.299999999998,2024-10-17 00:17
TR-01,586.7,32316.60000000001,2027-09-08 12:36
TR-04,318.9,33864.20000000001,2027-11-12 00:12
TR-04,157.8,101822.89999999997,2035-08-13 14:53
TR-04,465.0,35430.100000000006,2028-01-16 06:06
TR-03,351.5,8824.699999999997,2025-01-02 16:41
TR-01,18.4,25691.700000000008,2026-12-06 11:42
TR-03,202.5,32937.4,2027-10-04 09:24
TR-01,24.6,38135.90000000001,2028-05-07 23:54
TR-01,184.2,27368.40000000001,2027-02-14 08:24
TR-04,139.4,8492.3,2024-12-19 20:17
TR-04,470.4,79813.39999999997,2033-02-07 13:23
TR-04,99.0,38890.80000000001,2028-06-08 10:48
TR-05,234.2,68996.69999999998,2031-11-14 20:41
TR-03,713.5,2893.3999999999996,2024-04-30 13:23
TR-04,87.7,72164.49999999999,2032-03-25 20:29
TR-03,167.0,3060.3999999999996,2024-05-07 12:23
TR-02,91.7,10092.800000000001,2025-02-24 12:48
TR-05,454.0,9516.6,2025-01-31 12:36
TR-04,382.5,102888.69999999997,2035-09-27 00:41
TR-04,972.6,22587.400000000005,2026-07-30 03:24
TR-05,125.5,32501.2,2027-09-16 05:12
TR-02,126.5,72853.70000000001,2032-04-23 13:42
TR-03,141.0,19236.699999999997,2026-03-12 12:41
TR-03,225.2,16714.899999999998,2025-11-27 10:53
TR-04,725.2,105678.29999999997,2036-01-21 06:17
TR-02,457.6,49426.39999999999,2029-08-21 10:23
TR-02,456.8,54093.099999999984,2030-03-03 21:05
TR-02,81.9,13710.099999999999,2025-07-25 06:05
TR-03,22.2,6444.399999999999,2024-09-25 12:23
TR-04,89.3,45271.100000000006,2029-03-01 07:06
TR-03,133.1,26038.4,2026-12-20 22:24
TR-05,575.8,65685.59999999999,2031-06-29 21:35
TR-01,548.8,21441.700000000008,2026-06-12 09:42
TR-02,322.4,23839.299999999992,2026-09-20 07:17
TR-02,264.4,41121.399999999994,2028-09-09 09:23
TR-02,598.9,69864.2,2031-12-21 00:12
TR-05,1334.0,7046.3,2024-10-20 14:18
TR-05,760.5,41637.89999999999,2028-09-30 21:53
TR-05,183.2,31514.3,2027-08-06 02:18
TR-03,52.2,31319.600000000002,2027-07-28 23:36
TR-04,572.5,86616.39999999995,2033-11-18 00:23
TR-01,83.3,30532.90000000001,2027-06-26 04:54
TR-04,106.6,51156.3,2029-11-01 12:18
TR-02,253.1,26765.89999999999,2027-01-20 05:53
TR-04,255.2,85418.89999999995,2033-09-29 02:53
TR-02,755.5,851.3,2024-02-05 11:18
TR-01,611.2,27058.500000000007,2027-02-01 10:30
TR-05,421.7,27814.0,2027-03-04 22:00
TR-02,891.3,81399.30000000005,2033-04-14 15:18
TR-04,693.0,3120.3999999999996,2024-05-10 00:23
TR-01,575.4,28676.30000000001,2027-04-09 20:18
TR-01,33.9,21905.700000000008,2026-07-01 17:42
TR-03,531.2,4604.599999999999,2024-07-10 20:35
TR-05,1220.0,39477.59999999999,2028-07-02 21:35
TR-03,112.5,6556.899999999999,2024-09-30 04:53
TR-05,813.9,31331.1,2027-07-29 11:06
TR-04,570.1,71031.09999999999,2032-02-07 15:05
TR-04,1066.6,11116.1,2025-04-08 04:06
TR-04,662.9,8051.299999999999,2024-12-01 11:17
TR-01,74.3,39576.90000000001,2028-07-07 00:54
TR-05,204.4,2453.9,2024-04-12 05:54
TR-03,81.8,14628.399999999998,2025-09-01 12:23
TR-05,523.6,80854.70000000001,2033-03-22 22:42
TR-01,142.9,26210.300000000007,2026-12-28 02:18
TR-04,96.4,26534.200000000008,2027-01-10 14:12
TR-02,84.8,15485.999999999996,2025-10-07 05:59
TR-04,160.5,56056.8,2030-05-24 16:48
TR-05,370.1,75970.0,2032-08-31 10:00
TR-04,465.1,102506.19999999997,2035-09-11 02:11
TR-03,66.2,15403.899999999998,2025-10-03 19:53
TR-05,92.8,86415.19999999998,2033-11-09 15:11
TR-01,199.3,4919.399999999999,2024-07-23 23:23
TR-01,96.4,43706.5,2028-12-26 02:30
TR-04,246.7,61401.30000000001,2031-01-02 09:18
TR-04,820.8,93688.49999999996,2034-09-08 16:29
TR-02,1482.5,62287.999999999985,2031-02-08 07:59
TR-04,614.0,36044.100000000006,2028-02-10 20:06
TR-02,521.4,87677.00000000003,2034-01-01 05:00
TR-04,875.4,53195.90000000001,2030-01-25 11:54
TR-04,486.3,29500.400000000005,2027-05-14 04:24
TR-01,639.2,47107.1,2029-05-16 19:06
TR-05,95.8,51644.799999999996,2029-11-21 20:47
TR-03,65.2,37393.399999999994,2028-04-07 01:23
TR-03,580.7,36458.5,2028-02-28 02:30
TR-05,500.2,43318.39999999998,2028-12-09 22:23
TR-02,439.8,13526.4,2025-07-17 14:24
TR-04,404.7,94093.19999999995,2034-09-25 13:11
TR-02,118.8,74735.40000000001,2032-07-10 23:24
TR-02,690.6,52384.29999999998,2029-12-22 16:17
TR-02,945.5,66488.09999999999,2031-08-02 08:05
TR-03,275.2,908.5,2024-02-07 20:30
TR-03,164.4,38214.899999999994,2028-05-11 06:53
TR-01,132.1,35266.60000000001,2028-01-09 10:36
TR-04,104.4,77812.19999999997,2032-11-16 04:11
TR-04,844.6,55896.3,2030-05-18 00:18
TR-01,273.8,11997.100000000002,2025-05-14 21:06
TR-04,271.8,61154.60000000001,2030-12-23 02:36
TR-02,311.6,39757.19999999999,2028-07-14 13:11
TR-04,395.6,76071.59999999998,2032-09-04 15:35
TR-05,434.0,1520.4,2024-03-04 08:24
TR-01,420.6,24392.500000000007,2026-10-13 08:30
TR-05,630.1,80034.40000000001,2033-02-16 18:24
TR-03,216.8,13909.899999999998,2025-08-02 13:53
TR-02,167.0,74616.6,2032-07-06 00:36
TR-02,206.8,81968.50000000004,2033-05-08 08:30
TR-03,52.6,17330.499999999996,2025-12-23 02:29
TR-05,260.4,5129.6,2024-08-01 17:36
TR-03,474.9,45174.9,2029-02-25 06:54
TR-05,218.4,56341.0,2030-06-05 13:00
TR-05,778.1,35093.49999999999,2028-01-02 05:29
TR-02,509.3,24642.299999999992,2026-10-23 18:17
TR-01,366.3,22547.300000000007,2026-07-28 11:18
TR-03,30.0,43583.6,2028-12-20 23:36
TR-02,477.4,74449.6,2032-06-29 01:36
TR-02,107.3,68381.5,2031-10-20 05:30
TR-04,473.5,101364.49999999996,2035-07-25 12:29
TR-01,317.2,50664.29999999999,2029-10-12 00:17
TR-05,1250.7,70247.39999999998,2032-01-05 23:23
TR-04,144.9,60743.50000000001,2030-12-05 23:30
TR-01,368.4,20190.700000000008,2026-04-21 06:42
TR-05,151.5,62431.9,2031-02-14 07:54
TR-03,248.4,34023.3,2027-11-18 15:18
TR-02,487.6,68869.1,2031-11-09 13:06
TR-03,80.8,15337.699999999997,2025-10-01 01:41
TR-01,109.0,34326.30000000002,2027-12-01 06:18
TR-01,696.3,46199.3,2029-04-08 23:18
TR-03,177.9,24687.200000000004,2026-10-25 15:12
TR-04,514.3,46520.500000000015,2029-04-22 08:30
TR-04,728.1,58343.5,2030-08-27 23:30
TR-02,617.3,13086.6,2025-06-29 06:36
TR-03,375.3,1456.8999999999999,2024-03-01 16:53
TR-04,496.3,1687.6,2024-03-11 07:36
TR-05,348.9,26515.100000000002,2027-01-09 19:06
TR-03,89.3,30685.600000000002,2027-07-02 13:36
TR-05,178.5,11517.0,2025-04-24 21:00
TR-01,109.3,44620.6,2029-02-02 04:36
TR-04,453.0,81011.29999999996,2033-03-29 11:17
TR-03,141.6,10478.599999999999,2025-03-12 14:35
TR-02,1940.6,60805.499999999985,2030-12-08 13:29
TR-04,542.2,43757.600000000006,2028-12-28 05:36
TR-03,73.2,9085.999999999998,2025-01-13 13:59
TR-02,192.2,67092.59999999999,2031-08-27 12:35
TR-02,510.9,44290.69999999999,2029-01-19 10:41
TR-05,226.1,15868.2,2025-10-23 04:12
TR-01,137.5,16732.100000000002,2025-11-28 04:06
TR-03,86.9,20046.8,2026-04-15 06:48
TR-03,283.6,20418.199999999997,2026-04-30 18:11
TR-04,487.8,20235.000000000007,2026-04-23 03:00
TR-02,709.8,56009.099999999984,2030-05-22 17:05
TR-05,353.3,62280.4,2031-02-08 00:24
TR-04,342.7,83598.69999999995,2033-07-15 06:41
TR-02,1434.4,32531.09999999999,2027-09-17 11:05
TR-02,589.7,45448.499999999985,2029-03-08 16:29
TR-02,681.3,56690.39999999999,2030-06-20 02:23
TR-03,505.6,17896.099999999995,2026-01-15 16:05
TR-03,241.3,39250.4,2028-06-23 10:24
TR-05,479.4,51393.19999999999,2029-11-11 09:11
TR-03,95.7,42237.9,2028-10-25 21:54
TR-01,717.4,8792.999999999998,2025-01-01 08:59
TR-05,578.4,8630.2,2024-12-25 14:12
TR-03,180.0,9265.999999999998,2025-01-21 01:59
TR-01,136.0,16003.2,2025-10-28 19:12
TR-04,228.9,91163.19999999995,2034-05-26 11:11
TR-04,416.6,104140.99999999997,2035-11-18 04:59
TR-02,106.7,23173.499999999993,2026-08-23 13:29
TR-01,456.9,33292.400000000016,2027-10-19 04:24
TR-05,503.1,88491.49999999999,2034-02-04 03:29
TR-05,359.6,52717.7,2030-01-05 13:42
TR-04,312.2,39843.600000000006,2028-07-18 03:36
TR-05,347.3,44913.39999999998,2029-02-14 09:23
TR-05,89.5,89488.19999999997,2034-03-17 16:11
TR-05,727.4,35820.899999999994,2028-02-01 12:53
TR-04,776.9,75245.09999999998,2032-08-01 05:05
TR-02,569.8,10001.1,2025-02-20 17:06
TR-02,393.0,62680.999999999985,2031-02-24 16:59
TR-05,380.2,74591.59999999999,2032-07-04 23:35
TR-05,140.4,45664.999999999985,2029-03-17 16:59
TR-01,523.4,23376.700000000008,2026-09-01 00:42
TR-05,335.7,33565.2,2027-10-30 13:11
TR-02,140.5,53636.29999999998,2030-02-12 20:17
TR-04,1234.7,90934.29999999996,2034-05-16 22:17
TR-02,796.3,37478.19999999999,2028-04-10 14:11
TR-03,150.0,17032.999999999996,2025-12-10 16:59
TR-03,615.1,10336.999999999998,2025-03-06 16:59
TR-01,234.3,31285.10000000001,2027-07-27 13:06
TR-02,150.2,87827.20000000003,2034-01-07 11:12
TR-05,969.7,15642.1,2025-10-13 18:06
TR-04,270.7,17882.400000000005,2026-01-15 02:24
TR-02,752.5,79515.20000000004,2033-01-26 03:12
TR-04,353.0,18899.800000000007,2026-02-26 11:48
TR-01,5.9,18984.100000000006,2026-03-02 00:06
TR-01,430.9,16434.100000000002,2025-11-15 18:06
TR-05,82.7,57687.6,2030-07-31 15:36
TR-01,213.6,44511.299999999996,2029-01-28 15:17
TR-02,461.3,36233.89999999999,2028-02-18 17:53
TR-02,364.9,31096.69999999999,2027-07-19 16:41
TR-05,1065.6,72046.69999999998,2032-03-20 22:41
TR-04,219.9,11336.0,2025-04-17 08:00
TR-01,145.1,21871.800000000007,2026-06-30 07:48
TR-04,668.7,71943.59999999999,2032-03-16 15:35
TR-04,706.0,7388.4,2024-11-03 20:24
TR-05,267.8,36779.899999999994,2028-03-12 11:53
TR-05,73.0,88564.49999999999,2034-02-07 04:29
TR-03,165.5,7310.399999999999,2024-10-31 14:23
TR-02,476.2,34990.69999999998,2027-12-28 22:41
TR-05,249.9,81453.6,2033-04-16 21:36
TR-03,444.3,25674.500000000004,2026-12-05 18:30
TR-03,223.6,34352.8,2027-12-02 08:48
TR-04,125.4,31861.500000000007,2027-08-20 13:30
TR-03,52.0,35261.200000000004,2028-01-09 05:12
TR-03,67.9,24158.9,2026-10-03 14:54
TR-04,416.8,6462.5,2024-09-26 06:30
TR-05,194.6,68729.99999999999,2031-11-03 17:59
TR-03,275.8,36734.3,2028-03-10 14:18
TR-03,19.1,38582.2,2028-05-26 14:12
TR-05,1184.3,56122.6,2030-05-27 10:36
TR-04,65.9,818.4,2024-02-04 02:24
TR-03,61.4,11360.499999999998,2025-04-18 08:29
TR-03,723.0,2179.8999999999996,2024-03-31 19:53
TR-02,513.9,8272.300000000001,2024-12-10 16:18
TR-02,541.2,21523.599999999995,2026-06-15 19:35
TR-04,704.5,88265.39999999995,2034-01-25 17:23
TR-01,321.0,29479.30000000001,2027-05-13 07:18
TR-05,1082.9,10599.5,2025-03-17 15:30
TR-02,264.3,3037.6000000000004,2024-05-06 13:36
TR-02,154.5,85833.40000000004,2033-10-16 09:24
TR-03,269.7,37004.0,2028-03-21 20:00
TR-03,316.3,316.3,2024-01-14 04:18
TR-03,24.9,15862.099999999997,2025-10-22 22:05
TR-04,199.0,29902.100000000006,2027-05-30 22:06
TR-02,343.6,44634.29999999999,2029-02-02 18:17
TR-05,443.6,60734.799999999996,2030-12-05 14:47
TR-05,630.4,89308.29999999997,2034-03-10 04:17
TR-05,554.2,7600.5,2024-11-12 16:30
TR-04,218.2,102041.09999999996,2035-08-22 17:05
TR-04,139.3,60882.80000000001,2030-12-11 18:48
TR-01,210.2,37850.200000000004,2028-04-26 02:12
TR-03,320.2,11299.099999999999,2025-04-15 19:05
TR-03,171.5,27220.700000000004,2027-02-08 04:42
TR-03,209.1,42734.600000000006,2028-11-15 14:36
TR-01,55.1,49236.399999999994,2029-08-13 12:23
TR-04,1223.6,97409.49999999996,2035-02-10 17:29
TR-01,172.4,172.4,2024-01-08 04:24
TR-01,54.9,32519.400000000012,2027-09-16 23:24
TR-04,573.8,32435.300000000007,2027-09-13 11:18
TR-02,95.8,95.8,2024-01-04 23:48
TR-05,351.1,8981.300000000001,2025-01-09 05:18
TR-01,138.6,11464.700000000003,2025-04-22 16:42
TR-04,564.6,79342.99999999997,2033-01-18 22:59
TR-02,583.3,20605.299999999996,2026-05-08 13:17
TR-03,7.8,20425.999999999996,2026-05-01 01:59
TR-05,204.6,63844.799999999996,2031-04-14 04:47
TR-02,1120.2,29911.29999999999,2027-05-31 07:17
TR-04,254.2,62523.90000000001,2031-02-18 03:54
TR-05,119.8,57018.3,2030-07-03 18:18
TR-04,776.5,29014.100000000006,2027-04-23 22:06
TR-04,345.7,10049.5,2025-02-22 17:30
TR-02,51.5,29962.79999999999,2027-06-02 10:47
TR-04,801.8,33545.30000000001,2027-10-29 17:18
TR-01,81.1,44983.6,2029-02-17 07:36
TR-02,1131.2,34119.29999999999,2027-11-22 15:17
TR-01,351.9,19822.300000000007,2026-04-05 22:18
TR-05,603.3,67997.59999999998,2031-10-04 05:35
TR-02,206.8,65109.39999999999,2031-06-05 21:23
TR-05,502.6,84064.4,2033-08-03 16:24
TR-01,68.0,10029.9,2025-02-21 21:54
TR-03,5.0,35209.200000000004,2028-01-07 01:12
TR-04,198.0,46006.20000000001,2029-03-31 22:12
TR-04,457.9,39348.70000000001,2028-06-27 12:42
TR-03,236.9,6268.5999999999985,2024-09-18 04:35
TR-01,118.6,49181.299999999996,2029-08-11 05:17
TR-02,232.8,7758.400000000001,2024-11-19 06:24
TR-01,115.0,40731.700000000004,2028-08-24 03:42
TR-05,331.1,37219.59999999999,2028-03-30 19:35
TR-04,904.7,92067.89999999995,2034-07-03 03:53
TR-05,692.0,44010.39999999998,2029-01-07 18:23
TR-04,218.0,95788.29999999994,2034-12-05 04:17
TR-02,376.8,10887.2,2025-03-29 15:12
TR-04,738.3,65088.00000000001,2031-06-05 00:00
TR-04,1242.1,63766.00000000001,2031-04-10 22:00
TR-03,14.8,15418.699999999997,2025-10-04 10:41
TR-02,28.3,74763.70000000001,2032-07-12 03:42
TR-03,231.2,14141.099999999999,2025-08-12 05:05
TR-02,702.5,86795.60000000003,2033-11-25 11:36
TR-02,125.0,80508.00000000004,2033-03-08 12:00
TR-03,773.0,41686.700000000004,2028-10-02 22:42
TR-02,216.1,4170.700000000001,2024-06-22 18:42
TR-04,556.3,26228.200000000008,2026-12-28 20:12
TR-03,58.3,9371.999999999998,2025-01-25 11:59
TR-05,543.5,4215.6,2024-06-24 15:36
TR-02,639.1,78065.80000000003,2032-11-26 17:48
TR-02,913.3,26512.799999999992,2027-01-09 16:47
TR-03,337.2,19639.899999999998,2026-03-29 07:53
TR-05,700.4,14672.4,2025-09-03 08:24
TR-04,89.1,50001.100000000006,2029-09-14 09:06
TR-05,60.8,23564.100000000002,2026-09-08 20:06
TR-04,786.2,25671.90000000001,2026-12-05 15:54
TR-02,1127.1,83433.50000000004,2033-07-08 09:30
TR-05,733.7,70981.09999999998,2032-02-05 13:05
TR-05,787.1,78384.8,2032-12-10 00:48
TR-02,398.6,71355.1,2032-02-21 03:06
TR-05,359.0,66747.19999999998,2031-08-13 03:11
TR-03,8.0,33099.4,2027-10-11 03:24
TR-04,257.5,21614.800000000007,2026-06-19 14:48
TR-02,1206.3,20021.999999999996,2026-04-14 05:59
TR-05,811.6,42449.499999999985,2028-11-03 17:29
TR-04,1216.1,70460.99999999999,2032-01-14 20:59
TR-03,543.0,25230.200000000004,2026-11-17 06:12
TR-01,304.6,26067.400000000005,2026-12-22 03:24
TR-05,286.5,992.8000000000001,2024-02-11 08:48
TR-01,308.7,42392.2,2028-11-01 08:12
TR-02,168.8,27813.69999999999,2027-03-04 21:41
TR-04,350.9,36395.00000000001,2028-02-25 11:00
TR-05,1019.5,79404.3,2033-01-21 12:18
TR-01,112.7,27857.80000000001,2027-03-06 17:48
TR-03,12.5,42142.200000000004,2028-10-21 22:12
TR-05,392.6,2846.5,2024-04-28 14:30
TR-01,83.2,4336.699999999999,2024-06-29 16:41
TR-03,458.1,30418.500000000004,2027-06-21 10:30
TR-04,1095.8,27630.000000000007,2027-02-25 06:00
TR-03,476.8,35133.700000000004,2028-01-03 21:42
TR-04,776.5,99507.19999999995,2035-05-09 03:11
TR-04,421.8,83255.99999999996,2033-06-30 23:59
TR-02,422.6,75419.40000000002,2032-08-08 11:24
TR-02,115.0,24023.699999999993,2026-09-27 23:41
TR-05,631.2,2249.5,2024-04-03 17:30
TR-05,781.5,82235.1,2033-05-19 11:06
TR-04,391.0,45181.8,2029-02-25 13:48
TR-04,219.9,6682.4,2024-10-05 10:24
TR-03,46.5,28547.100000000006,2027-04-04 11:06
TR-01,6.5,33815.900000000016,2027-11-09 23:54
TR-05,113.4,88677.89999999998,2034-02-11 21:53
TR-03,63.4,20999.699999999997,2026-05-24 23:41
TR-01,184.6,9961.9,2025-02-19 01:54
TR-04,662.2,13868.2,2025-07-31 20:12
TR-02,301.1,35772.599999999984,2028-01-30 12:35
TR-02,69.4,23908.699999999993,2026-09-23 04:41
TR-02,84.2,84712.10000000003,2033-08-30 16:06
TR-04,281.3,92867.69999999995,2034-08-05 11:41
TR-02,205.7,84627.90000000004,2033-08-27 03:54
TR-05,157.1,16329.000000000002,2025-11-11 09:00
TR-03,628.5,15256.899999999998,2025-09-27 16:53
TR-03,60.0,17390.499999999996,2025-12-25 14:29
TR-05,281.3,23845.4,2026-09-20 13:24
TR-02,97.8,3954.6000000000004,2024-06-13 18:36
TR-01,237.0,26447.300000000007,2027-01-06 23:18
TR-02,614.0,14909.799999999997,2025-09-13 05:47
TR-03,63.9,38646.1,2028-05-29 06:06
TR-03,371.0,40100.5,2028-07-28 20:30
TR-01,99.9,18978.200000000004,2026-03-01 18:12
TR-03,703.2,47116.799999999996,2029-05-17 04:47
TR-03,469.8,20936.299999999996,2026-05-22 08:17
TR-01,247.0,42937.6,2028-11-24 01:36
TR-02,394.6,41515.99999999999,2028-09-25 19:59
TR-03,55.0,19302.699999999997,2026-03-15 06:41
TR-03,133.3,25807.800000000003,2026-12-11 07:48
TR-01,530.3,2171.2999999999997,2024-03-31 11:17
TR-03,215.6,44127.0,2029-01-12 15:00
TR-02,672.4,27644.89999999999,2027-02-25 20:53
TR-03,269.1,24509.300000000003,2026-10-18 05:18
TR-04,390.9,94999.49999999994,2034-11-02 07:29
TR-02,781.9,46838.29999999999,2029-05-05 14:17
TR-04,375.9,55051.700000000004,2030-04-12 19:42
TR-03,138.0,8335.399999999998,2024-12-13 07:23
TR-05,270.9,61005.7,2030-12-16 21:42
TR-02,362.4,81761.70000000004,2033-04-29 17:42
TR-04,680.5,680.5,2024-01-29 08:30
TR-04,300.6,101665.09999999996,2035-08-07 01:05
TR-03,167.0,9721.899999999998,2025-02-09 01:53
TR-05,391.6,44566.09999999998,2029-01-30 22:05
TR-04,518.5,92586.39999999995,2034-07-24 18:23
TR-02,311.5,11198.7,2025-04-11 14:42
TR-03,657.1,38050.49999999999,2028-05-04 10:29
TR-01,250.7,25492.700000000008,2026-11-28 04:42
TR-01,573.1,10871.800000000001,2025-03-28 23:48
TR-02,838.8,23066.799999999992,2026-08-19 02:47
TR-05,163.0,74754.59999999999,2032-07-11 18:35
TR-05,1024.0,46688.999999999985,2029-04-29 08:59
TR-03,29.5,12446.899999999998,2025-06-02 14:53
TR-01,396.4,6301.0999999999985,2024-09-19 13:05
TR-04,835.7,103724.39999999997,2035-10-31 20:23
TR-01,96.6,15526.1,2025-10-08 22:06
TR-04,482.3,41973.600000000006,2028-10-14 21:36
TR-02,337.9,82306.40000000004,2033-05-22 10:24
TR-04,397.6,96185.89999999995,2034-12-21 17:53
TR-04,372.9,1191.3,2024-02-19 15:18
TR-04,347.7,14586.500000000002,2025-08-30 18:30
TR-04,348.2,64114.200000000004,2031-04-25 10:12
TR-01,167.1,20829.500000000007,2026-05-17 21:30
TR-02,961.7,6123.8,2024-09-12 03:48
TR-04,660.0,74468.19999999998,2032-06-29 20:11
TR-02,867.8,80383.00000000004,2033-03-03 07:00
TR-05,337.6,73358.5,2032-05-14 14:30
TR-02,370.6,6494.400000000001,2024-09-27 14:24
TR-01,452.5,17518.200000000004,2025-12-30 22:12
TR-02,330.2,83763.70000000004,2033-07-22 03:42
TR-01,206.1,39783.00000000001,2028-07-15 15:00
TR-03,477.7,31797.300000000003,2027-08-17 21:18
TR-02,74.9,32605.999999999993,2027-09-20 13:59
TR-02,117.9,85213.80000000003,2033-09-20 13:48
TR-01,82.6,7344.699999999999,2024-11-02 00:41
TR-03,32.2,39009.1,2028-06-13 09:06
TR-05,679.6,13134.800000000001,2025-07-01 06:48
TR-02,255.9,16973.1,2025-12-08 05:05
TR-04,505.8,51662.100000000006,2029-11-22 14:06
TR-04,407.3,6045.7,2024-09-08 21:42
TR-04,607.6,28237.600000000006,2027-03-22 13:36
TR-03,309.8,40913.700000000004,2028-08-31 17:42
TR-02,150.0,40553.99999999999,2028-08-16 17:59
TR-02,483.8,67576.4,2031-09-16 16:23
TR-03,153.6,44614.7,2029-02-01 22:42
TR-01,132.8,22181.000000000007,2026-07-13 05:00
TR-04,224.6,41491.3,2028-09-24 19:18
TR-04,847.4,19747.200000000008,2026-04-02 19:12
TR-03,182.9,9554.899999999998,2025-02-02 02:53
TR-05,563.9,37953.69999999999,2028-04-30 09:41
TR-01,134.3,37984.50000000001,2028-05-01 16:30
TR-01,180.6,25673.300000000007,2026-12-05 17:18
TR-05,415.4,87988.39999999998,2034-01-14 04:23
TR-01,260.4,16992.500000000004,2025-12-09 00:30
TR-01,52.3,15429.5,2025-10-04 21:30
TR-01,72.1,28100.90000000001,2027-03-16 20:54
TR-01,70.8,5428.099999999999,2024-08-14 04:05
TR-03,157.5,26815.500000000004,2027-01-22 07:30
TR-03,98.7,27319.400000000005,2027-02-12 07:24
TR-05,345.7,63640.2,2031-04-05 16:12
TR-05,723.3,19794.100000000002,2026-04-04 18:06
TR-03,269.8,42507.700000000004,2028-11-06 03:42
TR-05,155.8,51548.99999999999,2029-11-17 20:59
TR-01,556.4,51930.29999999999,2029-12-03 18:17
TR-03,151.2,23043.6,2026-08-18 03:36
TR-04,1719.0,5638.4,2024-08-22 22:24
TR-03,273.8,31178.7,2027-07-23 02:42
TR-01,362.9,45346.5,2029-03-04 10:30
TR-05,586.6,57604.9,2030-07-28 04:54
TR-03,133.8,7144.899999999999,2024-10-24 16:53
TR-04,624.8,42598.40000000001,2028-11-09 22:24
TR-01,24.6,10298.7,2025-03-05 02:42
TR-01,228.5,6632.999999999998,2024-10-03 08:59
TR-02,382.2,71737.3,2032-03-08 01:18
TR-05,161.0,56502.0,2030-06-12 06:00
TR-03,369.6,42056.3,2028-10-18 08:18
TR-04,469.2,34333.40000000001,2027-12-01 13:24
TR-03,95.7,45996.7,2029-03-31 12:42
TR-02,987.4,38729.99999999999,2028-06-01 17:59
TR-03,53.6,47170.399999999994,2029-05-19 10:23
TR-02,275.5,57320.099999999984,2030-07-16 08:05
TR-03,82.9,21503.399999999998,2026-06-14 23:23
TR-05,310.3,45372.29999999998,2029-03-05 12:17
TR-04,789.2,54675.8,2030-03-28 03:48
TR-04,1356.7,15943.200000000003,2025-10-26 07:12
TR-01,156.5,45503.0,2029-03-10 23:00
TR-01,161.0,42083.5,2028-10-19 11:30
TR-03,240.7,7551.0999999999985,2024-11-10 15:05
TR-03,57.3,12254.999999999998,2025-05-25 14:59
TR-05,201.3,50441.29999999999,2029-10-02 17:17
TR-02,236.2,83999.90000000004,2033-07-31 23:54
TR-05,255.4,24100.800000000003,2026-10-01 04:48
TR-05,459.6,25902.2,2026-12-15 06:12
TR-02,333.8,77426.70000000003,2032-10-31 02:42
TR-05,85.2,52802.899999999994,2030-01-09 02:53
TR-02,451.9,45900.39999999999,2029-03-27 12:23
TR-05,422.3,61927.1,2031-01-24 07:06
TR-04,491.9,66242.4,2031-07-23 02:23
TR-03,798.2,47968.59999999999,2029-06-21 16:35
TR-01,181.4,34217.30000000002,2027-11-26 17:18
TR-03,135.1,43128.4,2028-12-02 00:24
TR-01,285.0,21726.700000000008,2026-06-24 06:42
TR-01,296.6,5357.299999999999,2024-08-11 05:17
TR-02,704.2,51302.79999999999,2029-11-07 14:47
TR-01,53.2,42990.799999999996,2028-11-26 06:47
TR-02,867.4,50598.59999999999,2029-10-09 06:35
TR-01,115.2,37640.00000000001,2028-04-17 08:00
TR-05,99.8,45472.099999999984,2029-03-09 16:05
TR-05,368.7,42818.19999999998,2028-11-19 02:11
TR-03,525.7,22410.899999999998,2026-07-22 18:53
TR-04,129.6,34518.700000000004,2027-12-09 06:42
TR-03,646.3,8197.399999999998,2024-12-07 13:23
TR-05,92.3,54371.2,2030-03-15 11:12
TR-01,574.0,52504.29999999999,2029-12-27 16:17
TR-05,31.2,66388.19999999998,2031-07-29 04:11
TR-04,589.5,30491.600000000006,2027-06-24 11:36
TR-03,92.9,18833.799999999996,2026-02-23 17:47
TR-01,206.9,38636.70000000001,2028-05-28 20:42
TR-02,333.0,1184.3,2024-02-19 08:18
TR-04,610.2,84208.89999999995,2033-08-09 16:53
TR-04,915.4,37979.30000000001,2028-05-01 11:18
TR-02,167.1,87994.30000000003,2034-01-14 10:18
TR-04,1122.3,21357.300000000007,2026-06-08 21:18
TR-01,888.7,18447.700000000004,2026-02-07 15:42
TR-03,372.3,28500.600000000006,2027-04-02 12:36
TR-05,711.7,60291.2,2030-11-17 03:12
TR-04,147.8,45418.90000000001,2029-03-07 10:54
TR-01,170.1,50981.79999999999,2029-10-25 05:47
TR-03,937.6,32734.9,2027-09-25 22:54
TR-03,5.5,10978.899999999998,2025-04-02 10:53
TR-05,691.2,36512.09999999999,2028-03-01 08:05
TR-02,88.5,20982.399999999994,2026-05-24 06:23
TR-05,586.7,23503.300000000003,2026-09-06 07:18
TR-03,35.8,46413.6,2029-04-17 21:36
TR-04,614.7,9703.8,2025-02-08 07:48
TR-04,269.7,48187.40000000001,2029-06-30 19:24
TR-02,795.6,11994.300000000001,2025-05-14 18:18
TR-05,401.8,4617.400000000001,2024-07-11 09:24
TR-05,415.9,19070.800000000003,2026-03-05 14:48
TR-03,151.8,38366.7,2028-05-17 14:42
TR-03,385.7,43514.1,2028-12-18 02:06
TR-02,220.4,2004.7,2024-03-24 12:42
TR-04,662.5,65750.5,2031-07-02 14:30
TR-04,596.8,9089.099999999999,2025-01-13 17:05
TR-01,61.2,46467.9,2029-04-20 03:54
TR-02,58.7,88053.00000000003,2034-01-16 21:00
TR-05,666.2,22215.800000000003,2026-07-14 15:48
TR-05,119.5,49686.099999999984,2029-09-01 06:05
TR-04,285.6,17611.700000000004,2026-01-03 19:42
TR-02,955.1,28768.79999999999,2027-04-13 16:47
TR-05,30.4,89518.59999999996,2034-03-18 22:35
TR-05,388.6,68535.39999999998,2031-10-26 15:23
TR-01,298.4,42690.6,2028-11-13 18:36
TR-05,284.4,48829.099999999984,2029-07-27 13:05
TR-02,589.9,8862.2,2025-01-04 06:12
