ts,v_prim_rms,i_prim_rms,v_sec,i_sec,p_sec,p_loss,p_net,t_core,t_oil,mu_oil,pf_prim,freq,faa,life_h,e_out_MWh,e_loss_MWh,fan_mode,fan1,fan2
1763754660.2622383,220000.0,135.662676488173,20000.0,1492.289441369903,49192196.567423366,720677.59986267,48471518.96756069,40.229289293584486,35.13935615563784,0.023479636660566197,0.9515958212556602,49.9919313290006,0.0012634184103782777,6.64111527046114e-06,0.24877032089725418,0.0037301016153659878,AUTO,0,0
1763754661.5071414,220000.0,135.807824322793,20000.0,1493.8860675507233,49141311.90468031,721364.1639263914,48419947.74075392,40.2358457592438,35.14324989055407,0.02347661987951253,0.9495954970319451,50.0270341937081,0.0012643757271936095,6.816723010349142e-06,0.25549531363902556,0.0038302910825779865,AUTO,0,0
1763754662.6830177,220000.0,127.92597157648025,20000.0,1407.1856873412826,46255407.73854752,685144.7044467748,45570263.03410074,40.24128064175067,35.146656353791535,0.023473980943836556,0.9489000758593363,49.992858891723,0.0012651698302472226,6.992441042327923e-06,0.26182451683820623,0.003925450069306705,AUTO,0,0
1763754663.709472,220000.0,133.5171085618515,20000.0,1468.6881941803665,47986801.94416473,710614.4816883692,47276187.46247636,40.24750089985283,35.150404708324565,0.023471077492917446,0.9431951972445128,50.01013918671264,0.0012660792983940619,7.168285389327098e-06,0.2683906539857724,0.004024146525096756,AUTO,0,0
1763754664.6614928,220000.0,135.31378108006314,20000.0,1488.4515918806944,49089413.907630295,719030.2923575931,48370383.6152727,40.253975210101956,35.15426399262382,0.02346808849174746,0.952056032205951,50.00008262379206,0.001267026606053796,7.344261306834569e-06,0.2751087628212269,0.004124011843479755,AUTO,0,0
1763754665.6103532,220000.0,139.12411909671857,20000.0,1530.3653100639042,49309129.568471394,737250.5894435665,48571878.97902783,40.26099683583025,35.15836162507259,0.023464915307464078,0.930125606044818,49.98815906519799,0.0012680547970044399,7.5203800286407415e-06,0.2818548571238697,0.00422640775868025,AUTO,0,0
1763754666.6573946,220000.0,121.1217254962087,20000.0,1332.3389804582957,44532322.18306228,655618.3108742057,43876703.87218807,40.26548262468523,35.16135703581541,0.023462595949138656,0.9648726254029665,49.99824368267786,0.0012687120969467583,7.696590042105568e-06,0.28794884377278473,0.004317465857412779,AUTO,0,0
1763754667.73392,220000.0,132.0580139709629,20000.0,1452.6381536805918,48009773.804151654,703862.6951961124,47305911.10895554,40.27147737043999,35.16500880186011,0.023459768682426753,0.9540729657736491,50.01791494155905,0.001269591035373762,7.872922130351924e-06,0.29451910920458413,0.004415224565078906,AUTO,0,0
1763754668.6529682,220000.0,127.65393581070873,20000.0,1404.1932939177962,45557347.83796984,683933.2681624542,44873414.56980739,40.27684966574175,35.168390287932525,0.023457150975408143,0.9365714517988967,49.98207290203529,0.001270379228621534,8.049363689882692e-06,0.30075152789483517,0.004510215296768136,AUTO,0,0
1763754669.7616675,220000.0,127.19724073852846,20000.0,1399.1696481238132,46649779.28674965,681905.3014092518,45967873.9853404,40.28215536850381,35.17174316188528,0.023454555706260486,0.9624730876973042,50.021870864041254,0.0012711581320505347,8.225913430445267e-06,0.30713595483724354,0.00460492436640831,AUTO,0,0
1763754670.7438173,220000.0,130.994281461065,20000.0,1440.937096071715,47450202.66174729,698987.1589363244,46751215.50281097,40.28798885503498,35.175325851177604,0.02345178286745404,0.9506101048597974,50.00527871412578,0.0012720150679486678,8.402582189882582e-06,0.31362917921263395,0.004702005916260577,AUTO,0,0
1763754671.6423113,220000.0,132.3840512860004,20000.0,1456.2245641460045,47351912.076769315,705364.9572959999,46646547.119473316,40.29401618919345,35.17899326607823,0.02344894479440413,0.9386821187224945,49.96320796493332,0.0012729010867661861,8.579374007488996e-06,0.3201078663125608,0.004799973271440577,AUTO,0,0
1763754672.5715132,220000.0,130.68317910120177,20000.0,1437.5149701132195,47335434.63463937,697568.697659144,46637865.936980225,40.29979866121776,35.1825545875456,0.02344618915172788,0.9505683939543431,50.020579102456516,0.0012737516908715419,8.756283964554487e-06,0.3265853476926969,0.004896857812782126,AUTO,0,0
1763754673.5298724,220000.0,127.91704730094935,20000.0,1407.0875203104429,46148379.14387871,685104.9217331283,45463274.22214559,40.305191145110065,35.18594677531138,0.023443564680717323,0.9467705006546049,50.00338801304184,0.00127454543974638,8.933304164519262e-06,0.3328996913346616,0.004992011274133949,AUTO,0,0
1763754674.5025554,220000.0,133.28116936202412,20000.0,1466.0928629822654,48003019.99873723,709517.672735805,47293502.32600143,40.3113377171118,35.189667315861335,0.0234406865072189,0.9451842109718114,50.01567503069428,0.0012754507901685942,9.110450107598235e-06,0.339468233324384,0.005090555395347256,AUTO,0,0
1763754675.4956813,220000.0,135.0447266103483,20000.0,1485.4919927138315,48442515.43397971,717762.850300035,47724752.583679676,40.31773421675022,35.1934970391455,0.02343772424009365,0.9413816925036318,49.99657593419271,0.0012763936361816154,9.287727001512348e-06,0.3460966711832284,0.00519024468011115,AUTO,0,0
1763754676.3580644,220000.0,133.33455533353072,20000.0,1466.6801086688379,48610987.55188541,709765.6779277361,47901221.87395768,40.323881868824735,35.19721900977001,0.023434845677679835,0.9567719157972,49.99889830384284,0.0012773004588119432,9.465129843014008e-06,0.3527496186657225,0.005288823246490002,AUTO,0,0
1763754677.3229787,220000.0,130.909149318884,20000.0,1440.000642507724,47501127.32603271,698598.6664608627,46802528.65957185,40.32968220101673,35.20079041672427,0.023432083893192828,0.952249180970368,50.035109660183544,0.0012781566399579093,9.642651598563717e-06,0.3592499698684408,0.0053858508390540105,AUTO,0,0
1763754678.3821938,220000.0,130.86788421533618,20000.0,1439.546726368698,47824012.49382179,698410.4479454323,47125602.04587636,40.335473246280735,35.20435817838869,0.02342932525260101,0.959024322770202,50.01783251896647,0.0012790120227947552,9.82029215728521e-06,0.36579519237481256,0.005482852290157543,AUTO,0,0
1763754679.3863819,220000.0,129.58680699092108,20000.0,1425.454876900132,47131893.51483112,692596.7112752852,46439296.80355583,40.34108029003074,35.20784629787383,0.02342662850637651,0.9544886986314257,50.042552194639946,0.0012798407726151363,9.998047820148423e-06,0.37224509470863976,0.005579046277834666,AUTO,0,0
1763754680.3043742,220000.0,131.2580008986271,20000.0,1443.8380098848982,47612452.807445094,700192.2206255271,46912260.58681957,40.346919122607964,35.21143556943516,0.02342385388116263,0.9519441328237436,50.001859011891646,0.0012807043527725838,1.0175923424700172e-05,0.37876068645680916,0.005676295197365989,AUTO,0,0
1763754681.2164283,220000.0,122.51997994466731,20000.0,1347.7197793913404,44998713.07216154,661554.1989418207,44337158.87321972,40.35154610439583,35.21449838426505,0.02342148648421214,0.9638509244530171,49.99231525372762,0.0012813891105335382,1.0353894134496497e-05,0.3849186251892008,0.005768177724996797,AUTO,0,0
1763754682.3013692,220000.0,125.6517971089193,20000.0,1382.1697681981123,45303049.57823797,675096.6306093985,44627952.94762857,40.35659843452984,35.21774642391772,0.023418976179493206,0.9461836190790437,49.98548543551431,0.0012821372347425596,1.0531968750432964e-05,0.39111695198748253,0.005861941145914769,AUTO,0,0
1763754683.259285,220000.0,128.5093534632479,20000.0,1413.6028880957267,46461076.08387783,687751.3300334915,45773324.75384434,40.362043409790616,35.2211654785681,0.023416333993492695,0.9487924441071903,50.00955262356522,0.0012829439889391872,1.0710155415563407e-05,0.39747435820329424,0.005957462163974976,AUTO,0,0
1763754684.185258,220000.0,132.2074044577135,20000.0,1454.2814490348485,48093985.2563778,704550.5727529933,47389434.68362481,40.36800664379506,35.224810311461425,0.023413517658265208,0.9546664901969139,50.0339742094039,0.0012838281133061198,1.0888464875744812e-05,0.4040562241315755,0.0060553164101906694,AUTO,0,0
1763754685.1974576,220000.0,126.90627628271729,20000.0,1395.9690391098902,44832477.920012236,680617.0563740882,44151860.86363815,40.37322274007734,35.22813065411071,0.02341095234906865,0.9270994724947993,50.00907455984438,0.001284601964662775,1.1066881815281308e-05,0.410188427029303,0.006149846556909293,AUTO,0,0
1763754686.131722,220000.0,131.31426526080952,20000.0,1444.4569178689046,49127787.61687165,700449.6334114242,48427337.983460225,40.37905430009767,35.231719063606796,0.02340818024644182,0.9818202624948711,50.006109302346715,0.0012854676774654863,1.124541899270707e-05,0.4169144461936725,0.006247131228216435,AUTO,0,0
1763754687.2076375,220000.0,135.27736278948476,20000.0,1488.0509906843322,49698226.53748688,718858.5881262335,48979367.94936065,40.3854469790482,35.23555182182045,0.023405219743131003,0.964123025665587,49.979428066522374,0.0012864173604160065,1.1424088070542625e-05,0.42371713618663925,0.006346972698789523,AUTO,0,0
1763754688.1789014,220000.0,131.56011658826893,20000.0,1447.161282470958,47158114.386430144,701575.7119575504,46456538.67447259,40.391306900375945,35.23915347970667,0.023402438087829897,0.9406950823405199,50.003695054487665,0.0012872885143410911,1.1602878141978889e-05,0.4301694332247604,0.006444413769894739,AUTO,0,0
1763754689.2892554,220000.0,133.94994157640267,20000.0,1473.4493573404295,48327692.91350298,712631.6332451571,47615061.28025782,40.397503289058896,35.2429018409179,0.0233995434807503,0.9468261115973313,50.02677663598406,0.0012882103302689167,1.1781796243405128e-05,0.4367826361803518,0.006543390385623233,AUTO,0,0
1763754690.2114592,220000.0,129.4567781637848,20000.0,1424.024559801633,46755776.103668936,692009.8163562256,46063766.28731271,40.40306029450239,35.24637264999454,0.023396863527748946,0.947822835421584,50.01360770926357,0.0012890375887341131,1.196082924184042e-05,0.4431803814980341,0.006639502860117153,AUTO,0,0
1763754691.1314962,220000.0,130.03520353276923,20000.0,1430.3872388604614,47526634.25711368,694625.1020456591,46832009.15506802,40.40869694883679,35.2498785731974,0.023394156773309943,0.9591638661388492,49.99351517523972,0.0012898772470680891,1.2139978859488765e-05,0.4496848272140158,0.0067359785687346055,AUTO,0,0
1763754692.0723891,220000.0,133.90392210124674,20000.0,1472.943143113714,48182978.68055404,712416.8564097818,47470561.82414426,40.414878350549536,35.25362172038699,0.02339126721529639,0.9443153268214182,50.01377862424268,0.0012907986819219277,1.2319256454200144e-05,0.45627796080070254,0.0068349253543470755,AUTO,0,0
1763754692.9606798,220000.0,133.844492721314,20000.0,1472.2894199344541,48435169.31980109,712139.6035913341,47723029.716209754,40.421049726265174,35.257361085455784,0.023388380933293464,0.9496793791494208,49.99784410274694,0.0012917192788777217,1.2498661909599828e-05,0.4629061593723983,0.00693383363262365,AUTO,0,0
1763754693.8506827,220000.0,142.83395167808308,20000.0,1571.173468458914,51793318.18431565,755476.3937904468,51037841.790525205,40.428530082064064,35.261670187104855,0.023385055333691784,0.9516099525684086,50.00183613862542,0.0012928360193912433,1.2678222467848611e-05,0.46999474850997125,0.00703876090953899,AUTO,0,0
1763754694.881006,220000.0,137.76398412364955,20000.0,1515.4038253601452,50451679.21159363,730688.6205639272,49720990.5910297,40.435261364417464,35.265654223373616,0.02338198102780694,0.9610735464178899,49.98858513666675,0.001293841756171695,1.2857922711761346e-05,0.47690044164761425,0.0071402454401728686,AUTO,0,0
1763754695.9230738,220000.0,134.57231329584408,20000.0,1480.295446254285,48648598.04683804,715543.5435809689,47933054.503257066,40.441528415655256,35.26943695262039,0.023379062435759865,0.9487052483040271,50.00439470171797,0.001294778834389187,1.3037753105426512e-05,0.48355781032862216,0.007239626487892448,AUTO,0,0
1763754697.087132,220000.0,129.4814352781676,20000.0,1424.2957880598435,47411575.70680673,692121.0628314416,46719454.64397529,40.44707125684847,35.27290531081342,0.023376386719117886,0.9609340358408428,49.97940341650522,0.001295608190964495,1.3217698687504913e-05,0.4900466234736187,0.007335754413285703,AUTO,0,0
1763754698.335882,220000.0,131.1409358510037,20000.0,1442.5502943610406,46585988.834406085,699656.994653602,45886331.83975248,40.45284459483902,35.276474277815765,0.023373633705996842,0.9322528753121461,50.05318350165371,0.0012964726008323096,1.33977643265094e-05,0.4964197251180288,0.007432928995876481,AUTO,0,0
1763754699.578379,220000.0,130.98872700884138,20000.0,1440.8759970972553,37519790.25767363,698961.8040175854,36820828.45365604,40.45859414691365,35.2800333643452,0.02337088863730335,0.7516976148136929,50.01209245083398,0.0012973340225281393,1.3577949607416086e-05,0.5015337290699254,0.007530007024212257,AUTO,0,0
1763754707.5394194,220000.0,133.2541708308099,20000.0,1465.795879138909,38461331.17174345,709392.2885392874,37751938.88320416,40.46466166174382,35.28373109647757,0.02336803697486026,0.7574608518630263,49.99407473594359,0.0012982437034409458,1.3758261232893996e-05,0.5067770539148149,0.007628533730953825,AUTO,0,0
1763754708.819403,220000.0,131.94857639141173,20000.0,1451.434340305529,38838646.12014725,703359.276767413,38135286.84337984,40.47054032882464,35.2873471591596,0.023365248631777066,0.7724601165116243,50.01337178615998,0.001299125679468936,1.393869535504246e-05,0.5120736215319509,0.007726222519393744,AUTO,0,0
1763754709.9469962,220000.0,133.48635992458753,20000.0,1468.3499591704629,39550430.96365136,710471.4307738096,38839959.53287755,40.47663366742244,35.291056930530495,0.02336238837575564,0.7775548267910884,49.99460471496096,0.0013000404950554172,1.4119256534911267e-05,0.5174680603559617,0.007824899107001217,AUTO,0,0
1763754711.3014097,220000.0,131.57134307899577,20000.0,1447.2847738689534,37499786.35866087,701627.1832008986,36798159.17545997,40.482450111716936,35.29464665341746,0.023359621011162925,0.7479699966320066,50.02114157770655,0.0013009143404116796,1.4299939082190668e-05,0.5225789157969978,0.00792234732689023,AUTO,0,0
1763754712.4564986,220000.0,132.7585948007428,20000.0,1460.3445428081707,38433269.5854499,707095.290454183,37726174.29499571,40.48843126203617,35.29830836922819,0.02335679848401024,0.7597336755313824,49.968712915316644,0.0013018135432722867,1.4480746518756263e-05,0.5278186622268582,0.008020555006119978,AUTO,0,0
1763754713.6623976,220000.0,136.42233373783182,20000.0,1500.64567111615,38935374.83938474,724278.9899545081,38211095.84943023,40.49493526426074,35.302197905698996,0.023353800721457835,0.7489892376725439,50.03531964767155,0.0013027920568262042,1.4661689859982125e-05,0.5331257588726125,0.008121149310280327,AUTO,0,0
1763754714.7254684,220000.0,131.1955905643129,20000.0,1443.1514962074418,37187998.90868232,699906.8187048321,36488092.08997749,40.5006875552285,35.3057610021103,0.02335105489205445,0.7438755126185665,49.97632019389989,0.0013036580898789368,1.4842753483576422e-05,0.5381935494406649,0.008218358590655998,AUTO,0,0
1763754715.6648386,220000.0,131.25786707075474,20000.0,1443.836537778302,37642026.53487438,700191.6084866034,36941834.92638778,40.50644368144667,35.30932605042489,0.023348307881562568,0.7526002280768489,49.99094620347161,0.0013045252766185089,1.5023937549773436e-05,0.5433243598471076,0.008315607425168027,AUTO,0,0
1763754716.6092565,220000.0,129.5512651947314,20000.0,1425.0639171420455,36540335.11009276,692436.2321833932,35847898.87790936,40.511956494665384,35.312785704705405,0.023345642390304087,0.7401974065275682,49.99244864522318,0.001305356347925159,1.520523704254082e-05,0.5483032346912616,0.008411779124082386,AUTO,0,0
1763754717.5293987,220000.0,134.97708246324953,20000.0,1484.747907095745,37952934.993414335,717444.594058028,37235490.399356306,40.51823566848073,35.31657891604061,0.02334272025967187,0.7379076653438622,49.961744889356126,0.0013063035951225391,1.538666809741895e-05,0.5534748305800611,0.008511424206590446,AUTO,0,0
1763754718.440635,220000.0,134.67954746102865,20000.0,1481.4750220713152,38715030.90210749,716046.6267070534,37998984.27540044,40.52446845714325,35.320352409374934,0.023339813681869773,0.7543877952719359,50.0279781998659,0.0013072445246516727,1.5568229836953903e-05,0.5587524672849778,0.008610875126966426,AUTO,0,0
1763754719.355702,220000.0,130.74115401884765,20000.0,1438.1526942073242,37089773.71025717,697832.776747233,36391940.93350994,40.53013855013681,35.323881745069386,0.02333709549692527,0.744489473268416,50.00777134392548,0.0013081010958562631,1.5749910544711717e-05,0.5638069035257431,0.008707796345959097,AUTO,0,0
1763754720.242596,220000.0,120.39055128247793,20000.0,1324.2960641072573,35439134.70886279,652541.449419036,34786593.25944375,40.53437980452703,35.32679006274419,0.023334855838720702,0.7725158489315038,49.97769211544048,0.0013087421817812837,1.593168029218134e-05,0.568638374811777,0.008798427102822852,AUTO,0,0
1763754721.2932825,220000.0,121.66855697448862,20000.0,1338.3541267193748,34376283.7938229,657931.6146649764,33718352.17915792,40.53879004482031,35.32977203379747,0.023332559684165914,0.7414762769384787,50.02447188148837,0.0013094091439535627,1.6113542673286e-05,0.5733214792811046,0.008889806493748544,AUTO,0,0
1763754722.059719,220000.0,124.07724188164794,20000.0,1364.8496606981273,40528404.80391733,668245.3018683222,39860159.502049014,40.54352474072475,35.332895309811576,0.023330154965300647,0.8572037674610641,49.999380419525224,0.001310125551991742,1.6295504555507074e-05,0.578857612545278,0.008982618341230255,AUTO,0,0
1763754723.0424702,220000.0,137.31679453136255,20000.0,1510.484739844988,44590440.12529007,728545.2374998596,43861894.88779021,40.55012305122917,35.33682924712856,0.023327126442767635,0.8521867825113578,49.982545242790536,0.0013111245978209337,1.6477605194093314e-05,0.5849495423908044,0.009083805179771903,AUTO,0,0
1763754723.9264865,220000.0,130.60332775435083,20000.0,1436.636605297859,42224670.744668625,697205.161938173,41527465.58273045,40.55575867090024,35.34034515993572,0.023324420067068186,0.8484548190884831,50.00634906844597,0.001311978486457586,1.6659824428323533e-05,0.5907172459439615,0.009180639230041093,AUTO,0,0
1763754724.8037932,220000.0,140.97014156445664,20000.0,1550.6715572090231,45502710.58874179,746259.848080536,44756450.74066125,40.562886389230016,35.344510288779986,0.02332121436329572,0.8470846738993388,49.99615860058725,0.001313059248965464,1.6842193768457625e-05,0.5969334196579422,0.009284286431163389,AUTO,0,0
1763754725.6920416,220000.0,132.37592364777726,20000.0,1456.1351601255499,43521995.34591089,705327.463055756,42816667.88285513,40.56876549896224,35.3481330171533,0.023318426477920796,0.862812615776161,49.99769537603875,0.0013139513572876472,1.7024687012525355e-05,0.6028801790861166,0.009382248578810022,AUTO,0,0
1763754726.5953534,220000.0,132.54278384730077,20000.0,1457.9706223203084,42570378.59310576,706097.6803190657,41864280.9127867,40.57466482409471,35.35176493468505,0.023315631855532516,0.8428845946538639,49.99015365797232,0.0013148471423760574,1.7207304671188695e-05,0.6086946625462258,0.009480317701076558,AUTO,0,0
1763754727.4939945,220000.0,137.05184527032455,20000.0,1507.57029797357,43539346.280447505,727278.621279825,42812067.65916768,40.581208727579835,35.355677580714485,0.02331262159799958,0.8337075003781149,49.99141258186354,0.0013158415181442136,1.7390060437597612e-05,0.6146407830544436,0.009581328620698756,AUTO,0,0
1763754728.370262,220000.0,125.04900051776667,20000.0,1375.5390056954334,40895862.07271173,672463.4880912998,40223398.58462043,40.58605461399638,35.358852364921766,0.023310179312023345,0.8582539963846664,49.97456319441949,0.0013165783571285178,1.757291854275435e-05,0.6202273661911964,0.009674726327378104,AUTO,0,0
1763754729.2524045,220000.0,137.5828174408768,20000.0,1513.4109918496447,44771017.085662946,729819.4475561909,44041197.638106756,40.59266968470967,35.36279676532932,0.023307145335021068,0.8539834488287124,50.00241602586175,0.001317584874716961,1.7755916442020594e-05,0.6263441991964891,0.009776090139538686,AUTO,0,0
1763754730.135214,220000.0,133.57517705065007,20000.0,1469.3269475571506,42937472.573815286,710884.7217497365,42226587.85206555,40.59870482058956,35.36648956885884,0.023304305240692755,0.8435822057857618,49.96838981441421,0.001318503823419987,1.793904197305115e-05,0.6322090030648315,0.009874824128670594,AUTO,0,0
1763754731.0305362,220000.0,128.12249912580074,20000.0,1409.347490383808,41792538.66606961,686021.490205764,41106517.17586385,40.603967782247835,35.369847052735295,0.023301723337368702,0.8560320862529827,50.03065633247311,0.0013193057190425716,1.8122278878473727e-05,0.6379182415614792,0.009970104891199172,AUTO,0,0
1763754731.9000916,220000.0,133.38585899188598,20000.0,1467.2444489107459,42821455.3523673,710004.1032917533,42111451.24907555,40.60997149425498,35.37352708482756,0.023298893723228194,0.8424969265733009,49.99474609761985,0.0013202210752349501,1.8305642916700802e-05,0.6437670542349619,0.010068716572211915,AUTO,0,0
1763754732.8105757,220000.0,134.3158375593895,20000.0,1477.4742131532846,43642098.842949934,714341.9272767401,42927756.9156732,40.61610427246405,35.377263630153095,0.023296021007053153,0.852697708381706,50.0074119401565,0.0013211567652297877,1.8489136911871606e-05,0.6497292426954722,0.010167930728778128,AUTO,0,0
1763754733.7240114,220000.0,135.84422290100505,20000.0,1494.2864519110556,43685838.903714284,721536.4480525501,42964302.45566174,40.6224538352125,35.38109491419847,0.023293075822011473,0.8439489904555249,49.98495704791676,0.001322126229207901,1.8672765554817147e-05,0.6556965069254251,0.010268144124340982,AUTO,0,0
1763754734.638873,220000.0,133.78192354719943,20000.0,1471.6011590191936,43281121.358960755,711847.8358566352,42569273.52310412,40.62850493021454,35.384796961608416,0.023290230337484424,0.8490196856082708,49.99225067865125,0.0013230507845425324,1.8856522608225833e-05,0.6616089060258563,0.01036701187932107,AUTO,0,0
1763754735.4932837,220000.0,133.32568590683866,20000.0,1466.5825449752251,42757431.85977102,709724.468016545,42047707.39175448,40.63448680899428,35.38846929833032,0.02328740803275307,0.8416169576910143,49.977952028276015,0.0013239653997166414,1.904040669151981e-05,0.6674488653858223,0.010465584722101146,AUTO,0,0
1763754736.384417,220000.0,135.7114376400311,20000.0,1492.825814040342,43476071.22164936,720908.1631933902,42755163.058455974,40.64080736322146,35.392289318597165,0.023284472591547437,0.8407183606770172,50.02248086295467,0.0013249324845533187,1.9224425092152214e-05,0.6733870824772745,0.010565710855878006,AUTO,0,0
1763754737.3408074,220000.0,138.27042112272994,20000.0,1520.9746323500292,43804418.720337,733124.3918443322,43071294.32849267,40.647495059520836,35.39626942710082,0.02328141452637741,0.831391017376989,50.00687268425382,0.001325956513607668,1.9408585719042167e-05,0.6793692066895651,0.010667533688078608,AUTO,0,0
1763754738.220946,220000.0,136.34076414612346,20000.0,1499.748405607358,43887965.869724244,723891.320337541,43164074.5493867,40.65389993477294,35.400127133252255,0.02327845089077412,0.844765989226336,50.02902659180652,0.0013269379786795927,1.9592882660525444e-05,0.6853642170436466,0.0107680741492366,AUTO,0,0
1763754739.0894403,220000.0,129.42432538108187,20000.0,1423.6675791919004,41709176.67030672,691863.4301500663,41017313.24015665,40.659316390516416,35.403555498164316,0.023275817407947885,0.8457312904444991,50.03364260035577,0.0013277685480617407,1.9777294958867352e-05,0.6910610661047795,0.010864166292312998,AUTO,0,0
1763754739.980284,220000.0,131.23643436933227,20000.0,1443.6007780626549,43402393.35779516,700093.5817249268,42702299.77607023,40.66498476440836,35.40709375787005,0.02327309982234098,0.8679125097946393,49.98614926863677,0.0013286383037551005,1.9961828056611117e-05,0.6969919410736781,0.010961401511997015,AUTO,0,0
1763754740.8881605,220000.0,130.66222648771196,20000.0,1437.2844913648316,42242440.687041365,697473.2861129722,41544967.40092839,40.67056904488048,35.410595842499646,0.02327041033370381,0.8484292653408815,50.01196109415338,0.0013294957132646181,2.014648023900898e-05,0.7027620754349182,0.011058272801734928,AUTO,0,0
1763754742.0545368,220000.0,132.29819222179825,20000.0,1455.2801144397806,43900097.262067266,704968.990453676,43195128.27161359,40.67638075240821,35.414197138331076,0.023267644978181207,0.8708197384206783,50.03295075620534,0.0013303886294642022,2.0331256437545676e-05,0.7087613988059757,0.01115618516152016,AUTO,0,0
1763754743.0223694,220000.0,126.49953128316602,20000.0,1391.4948441148263,41005517.20802227,678821.1377725328,40326696.07024974,40.6813756374252,35.41744357836887,0.02326515239023221,0.8506875357260707,49.98630594816508,0.001331156527465325,2.0516139288582528e-05,0.7143623288157326,0.01125046587509968,AUTO,0,0
1763754744.0934982,220000.0,138.43774000256835,20000.0,1522.815140028252,47927676.88379241,733931.096900694,47193745.786891714,40.68806361340787,35.42142651587758,0.023262094690796608,0.9085494497374641,50.004864156906706,0.0013321854100728147,2.070116503998153e-05,0.7209170157305786,0.011352400749669221,AUTO,0,0
1763754744.8058443,220000.0,133.70400262970975,20000.0,1470.7440289268072,46872690.128324285,711484.6718018354,46161205.45652245,40.69406479358114,35.42511134958952,0.023259266203397445,0.9200091834803126,49.96304446701581,0.0013331093124887214,2.0886319111160517e-05,0.7273282942662068,0.011451218065197253,AUTO,0,0
1763754745.991804,220000.0,135.48853673884622,20000.0,1490.3739041273086,47159963.95622174,719854.8698709292,46440109.086350806,40.70031936312033,35.428906838465856,0.02325635313639088,0.9134559391336422,50.005020250992516,0.0013340729069806704,2.1071607014907833e-05,0.7337783094170889,0.011551197908234882,AUTO,0,0
1763754747.3443024,220000.0,130.33537749515006,20000.0,1433.6891524466505,45575185.08771496,695986.9003614201,44879198.187353544,40.70583677900488,35.43238224419986,0.02325368605565501,0.9176621492132825,49.97276824925432,0.0013349235119434694,2.1257013058233314e-05,0.7400115313875546,0.011647862755507301,AUTO,0,0
1763754748.4740627,220000.0,127.50418144304373,20000.0,1402.545995873481,44343106.87376307,683267.4789578659,43659839.3948052,40.71095535705578,35.43568458973795,0.023251152067420372,0.9126796827196846,50.013866808780065,0.0013357131141133838,2.144252876852684e-05,0.7460753979701664,0.01174276101647367,AUTO,0,0
1763754749.6462688,220000.0,129.74212805374722,20000.0,1427.1634085912192,44754353.69400987,693298.536854326,44061055.15715554,40.71638522880703,35.43912272723825,0.0232485141753599,0.9052550673980088,49.995069619822964,0.0013365512475998157,2.1628160886249036e-05,0.7521949889642158,0.011839052479925661,AUTO,0,0
1763754750.6397793,220000.0,128.50584227860696,20000.0,1413.5642650646766,44381933.113957815,687735.6061313688,43694197.50782645,40.72164090081714,35.44248559109559,0.023245934326105413,0.9063585456911329,50.005316354562815,0.00133736299317567,2.1813905746412323e-05,0.7582636275069694,0.011934571314110574,AUTO,0,0
1763754751.558307,220000.0,131.05249028692396,20000.0,1441.5773931561635,45722160.392401874,699252.9347860845,45022907.45761579,40.727250707386744,35.44600275542655,0.023243236410232463,0.9155839199409828,50.00650299521037,0.0013382299792725051,2.199977102131128e-05,0.7645168090983049,0.012031689777275308,AUTO,0,0
1763754752.5075061,220000.0,136.94953125723373,20000.0,1506.444843829571,47635978.53617571,726790.1537201009,46909188.38245561,40.73370168537022,35.44988610552398,0.023240257967476596,0.9128327911779738,49.985767487729,0.001339227661792908,2.2185774863226963e-05,0.7710319741514238,0.012132632854180878,AUTO,0,0
1763754753.509049,220000.0,135.30938801280695,20000.0,1488.4032681408764,46456140.623409525,719009.5775601916,45737131.04584933,40.73991286074196,35.45366570464831,0.023237359465904845,0.9010147272767868,50.01807250466798,0.0013401889602278748,2.2371912218814168e-05,0.7773843534633473,0.012232495295508683,AUTO,0,0
1763754754.4229445,220000.0,124.6981445113635,20000.0,1371.6795896249985,42618209.870846584,670936.7051095078,41947273.16573708,40.74462786567859,35.45679504127357,0.023234959911644006,0.8969162743042689,49.987585250948996,0.0013409191583029856,2.2558150990800693e-05,0.7832103636252553,0.012325680948996115,AUTO,0,0
1763754755.3617136,220000.0,130.8016984246179,20000.0,1438.818682670797,45162922.02308177,698108.685030764,44464813.338051006,40.75018925555198,35.46029271240398,0.023232278214211494,0.9061192178508249,50.01555421718912,0.0013417809447657336,2.274450945535149e-05,0.789386032144429,0.01242264048858372,AUTO,0,0
1763754756.4587219,220000.0,128.14499847116056,20000.0,1409.5949831827663,44722295.7225918,686121.9543924193,44036173.768199384,40.755373583004,35.46362668963874,0.02322972231055556,0.9158811496305028,50.00752720231314,0.0013425848008716064,2.2930979566583656e-05,0.7955021673900123,0.012517935204471557,AUTO,0,0
1763754757.5954869,220000.0,126.90867374668197,20000.0,1395.9954112135017,44165622.05167912,680627.6590905981,43484994.39258852,40.76038428398274,35.466885557028306,0.02322722425959273,0.9132921775974385,49.997912055014964,0.0013433621929788372,2.3117557648941827e-05,0.8015417499445385,0.012612466823789695,AUTO,0,0
1763754758.7093682,220000.0,134.3066401445548,20000.0,1477.3730415901027,46983598.174443774,714298.8789784755,46269299.2954653,40.76643606285344,35.470597529244465,0.02322437921308176,0.9180481939861481,49.97888535258922,0.0013443017047065433,2.330426621903996e-05,0.8079680415133531,0.012711675001425594,AUTO,0,0
1763754759.7583842,220000.0,127.81418811645582,20000.0,1405.9560692810142,44262187.70488698,684646.5954997293,43577541.10938725,40.77156713803838,35.47390953061149,0.0232218410189934,0.9088045688158164,50.02135118840007,0.0013450987959938185,2.3491085496261322e-05,0.8140204777785458,0.012806764806356112,AUTO,0,0
1763754760.8806202,220000.0,128.0279978533044,20000.0,1408.3079763863484,44992102.79333529,685599.7153148913,44306503.078020394,40.77672473916415,35.47723336123527,0.023219294038292,0.9222486520950179,49.9637226653762,0.0013459004842759003,2.367801611907742e-05,0.8201741587616042,0.012901986989038735,AUTO,0,0
1763754761.9346066,220000.0,136.32504109027988,20000.0,1499.5754519930788,47764948.19976362,723816.6212157154,47041131.5785479,40.78305746644406,35.48106854195966,0.023216355568009064,0.9194971038072627,50.03059296885961,0.0013468854856059662,2.3865083547633804e-05,0.8267076492586247,0.013002517075318696,AUTO,0,0
1763754762.9768248,220000.0,127.72122092807244,20000.0,1404.9334302087968,44249172.72034918,684232.6638378289,43564940.05651135,40.78816631482232,35.484371979854664,0.02321382481092553,0.9091986578223528,49.96809499880417,0.001347680648422441,2.4052261415470254e-05,0.8327583353775846,0.013097549389740617,AUTO,0,0
1763754763.9437459,220000.0,122.68548242944435,20000.0,1349.5403067238879,41956376.812859565,662261.3016840264,41294115.511175536,40.79257983274581,35.48737332993181,0.023211525721892255,0.8974732109309984,50.00409225526284,0.0013483679650002646,2.4239534743942512e-05,0.8384936291985812,0.01318953012608562,AUTO,0,0
1763754764.970062,220000.0,132.08392285834702,20000.0,1452.9231514418173,45818129.31077523,703981.9384953694,45114147.37227986,40.79829850727192,35.49094264951562,0.023208791854243335,0.9103409655593365,49.96989818725816,0.001349259054819485,2.4426931834889662e-05,0.8447594830002867,0.01328730539532109,AUTO,0,0
1763754766.0123146,220000.0,131.8713720139377,20000.0,1450.5850921533147,45334063.13058186,703004.3837791514,44631058.74680271,40.80398315533273,35.49449751630074,0.023206069376545787,0.9021750496914177,50.00090406268653,0.001350145426243695,2.4614452032979063e-05,0.8509582411595649,0.013384944893068193,AUTO,0,0
1763754766.9530048,220000.0,137.62961865832747,20000.0,1513.9258052416021,47849039.5319866,730043.8735038064,47118995.6584828,40.81049146075663,35.49841093613443,0.023203072672010158,0.9123847337369623,49.974649634504175,0.001351160940353909,2.4802113274694885e-05,0.857502546112132,0.013486339875499277,AUTO,0,0
1763754768.046247,220000.0,132.94238921323884,20000.0,1462.3662813456272,46551681.524342604,707946.180277596,45843735.34406501,40.81632120249014,35.50202974713968,0.023200301908810318,0.9189430241299683,50.03954488090513,0.001352071224251006,2.4989900944729747e-05,0.8638697315765854,0.013584665733871166,AUTO,0,0
1763754769.1354818,220000.0,139.00649256031616,20000.0,1529.0714181634778,47974971.74594564,736680.5538656035,47238291.192080036,40.8230232130229,35.50602826972856,0.0231972408020419,0.9057249557759076,50.006774478223626,0.0013531184661824183,2.517783406503286e-05,0.8704306053532632,0.01368698247746361,AUTO,0,0
1763754770.7942913,220000.0,126.24428489497663,20000.0,1388.687133844743,43976066.92842185,677697.0816216534,43298369.84680019,40.82790658322113,35.50923646790201,0.02319478502763746,0.9141581807822792,50.01370253150941,0.0013538820420412085,2.5365873237538582e-05,0.8764442678319855,0.013781107072133284,AUTO,0,0
1763754772.135276,220000.0,134.88588384128266,20000.0,1483.7447222541093,46938035.076116666,717015.769717637,46221019.30639903,40.83400468871196,35.51297317690097,0.02319192502263261,0.9132193287689722,50.02689384050962,0.0013548361619465216,2.5554044926697822e-05,0.8828638538467631,0.013880692595705178,AUTO,0,0
1763754773.367864,220000.0,128.7230627829276,20000.0,1415.9536906122037,44508881.52575098,688709.178969998,43820172.34678098,40.839224655511806,35.516328363894246,0.023189357327693224,0.907417202292506,50.00207089041822,0.0013556534208961505,2.574233012404451e-05,0.8889499888949272,0.0139763466483399,AUTO,0,0
1763754774.6609604,220000.0,134.2440259497611,20000.0,1476.684285447372,45769644.43391917,714005.8929597591,45055638.54095941,40.845223489323395,35.520022609893715,0.023186530482719472,0.8947449632617649,49.99351472102574,0.0013565932312169817,2.5930745850602424e-05,0.8952077164700604,0.0140755141334732,AUTO,0,0
1763754784.002658,220000.0,135.6385460566654,20000.0,1492.0240066233196,47115421.95340863,720563.5316330036,46394858.421775624,40.85141898800702,35.52380277145768,0.023183638251685408,0.9115839097437122,49.96882531090347,0.001357564536059648,2.6119296480610707e-05,0.9016514468064181,0.014175592401755562,AUTO,0,0
1763754784.9103193,220000.0,130.28481248728193,20000.0,1433.132937360101,45188401.298899,695757.2823250804,44492644.01657392,40.85684936119104,35.527250723875696,0.02318100051106077,0.9102273408852893,50.00684444162091,0.0013584164595700028,2.6307965433328765e-05,0.9078309806976089,0.014272225357634045,AUTO,0,0
1763754785.8314931,220000.0,132.2697198628611,20000.0,1454.9669184914721,46047562.56654106,704837.737682258,45342724.8288588,40.862558115036414,35.5308201371303,0.023178270167042596,0.9136143339562274,50.005216426581704,0.0013593126322076314,2.6496758854468713e-05,0.9141285813682838,0.014370119487867691,AUTO,0,0
1763754786.7188349,220000.0,129.23130699155803,20000.0,1421.5443769071385,44949601.5068451,690993.5318343478,44258607.97501075,40.86783543611779,35.53420234262751,0.023175683320206298,0.9127982548953766,50.00045046628528,0.00136014160346839,2.668566741050599e-05,0.920275610253702,0.014466090811733574,AUTO,0,0
1763754787.6203132,220000.0,128.58403657956882,20000.0,1414.424402375257,44623670.38898769,688085.8801649828,43935584.50882271,40.87301918336587,35.537544183575655,0.023173127629362456,0.9107410784219466,50.013188772818324,0.0013609563681565167,2.6874689128305507e-05,0.9263777747688162,0.01456165829508982,AUTO,0,0
1763754788.5307426,220000.0,130.93338440823956,20000.0,1440.2672284906353,45342734.53947554,698709.2352828297,44644025.30419271,40.87852895800808,35.54102806382765,0.023170463613246834,0.9088119022049304,50.020637393324165,0.0013618229118647462,2.7063831199397832e-05,0.932578333838843,0.014658701244434658,AUTO,0,0
1763754789.5099452,220000.0,132.90935755603576,20000.0,1462.0029331163933,46083273.17167609,707793.1710074949,45375480.0006686,40.88431518841949,35.54463248320112,0.02316770774690749,0.9099225989271006,49.98291889379047,0.0013627335288177891,2.725309974506697e-05,0.9388804838389359,0.014757005851519032,AUTO,0,0
1763754790.4416108,220000.0,136.69094590777257,20000.0,1503.6004049854982,47362294.064006254,725557.2416136478,46636736.822392605,40.890641184283005,35.54847200705326,0.023164772484972257,0.9093051962684181,50.00756433943446,0.001363729788965976,2.7442506660201135e-05,0.9453578083976015,0.014857777690632039,AUTO,0,0
1763754791.5026553,220000.0,130.52295515850628,20000.0,1435.752506743569,45071075.553451866,696839.4775293437,44374236.07592252,40.8960840915152,35.551928082559606,0.023162130681932343,0.9062076326257458,50.02187527292411,0.0013645875573153527,2.7632032709828267e-05,0.9515208967414797,0.014954560951400003,AUTO,0,0
1763754792.544108,220000.0,125.9719243714445,20000.0,1385.6911680858896,44060226.06591596,676500.1619168181,43383725.90399914,40.900889926199426,35.55510750245947,0.023159700618822682,0.9178879091381928,49.98883794801058,0.0013653453754765709,2.782166401197779e-05,0.9575464142281462,0.015048519307221783,AUTO,0,0
1763754793.5673568,220000.0,125.95965554012412,20000.0,1385.5562109413654,43598458.038476415,676446.3059696597,42922011.73250675,40.905690484517514,35.55828484587057,0.023157272397495824,0.9083565605636835,49.96067525221001,0.0013661027817812085,2.8011400509447405e-05,0.96350780474655,0.015142470183050902,AUTO,0,0
1763754794.5056062,220000.0,130.58440783208462,20000.0,1436.4284861529306,44737554.85024716,697119.0585997505,44040435.79164741,40.91113240922059,35.561741319739596,0.023154631145405738,0.8990784986745908,50.02426482801499,0.0013669618875536093,2.8201256327163183e-05,0.9696245319398343,0.01523929227452309,AUTO,0,0
1763754795.8616326,220000.0,296.45773213438514,20000.0,3261.0350534782365,102922416.4166058,1931346.3452819877,100991070.07132381,40.94776710084849,35.57876207557032,0.023141629189587457,0.9110954627794328,50.01705316508223,0.001372759410722097,2.839191735643014e-05,0.9836510694497405,0.015507534822478922,AUTO,0,0
1763754805.933824,220000.0,134.2625570965841,20000.0,1476.8881280624248,48345702.95395923,714092.5901648896,47631610.363794334,40.95370824528163,35.58244010591957,0.023138820544762354,0.9449735590754998,50.01705316508223,0.0013737019246959886,2.8582709290415696e-05,0.9902665708891564,0.015606714348890712,AUTO,0,0
1763754806.615975,220000.0,137.61842216147957,20000.0,1513.8026437762753,49761132.19913831,729990.1759797818,49031142.023158535,40.96013105780835,35.586328038979815,0.02313585198308507,0.9489216836973302,50.01705316508223,0.0013747215793238512,2.8773642843099563e-05,0.9970764517257061,0.01570810187333235,AUTO,0,0
1763754807.332225,220000.0,131.56374290196024,20000.0,1447.2011719215625,48109951.16183046,701592.3374096048,47408358.824420854,40.96568309089715,35.58983788588047,0.02313317242942121,0.9596555680334962,50.01705316508223,0.0013756036030977321,2.896469889908536e-05,1.0036609460068757,0.015805545253528126,AUTO,0,0
1763754808.0216558,220000.0,121.00119643834213,20000.0,1331.0131608217634,43635164.955397375,655109.8289364268,42980055.12646095,40.96977244748922,35.59271199256018,0.02313097845568887,0.9463758501673438,50.01705316508223,0.001376253620654582,2.9155845235287385e-05,1.009630398107773,0.015896532729769295,AUTO,0,0
1763754808.7394388,220000.0,139.21828907872862,20000.0,1531.401179866015,50479589.33195071,737707.2986120832,49741882.03333863,40.976418794049685,35.59669809098127,0.023127935978027793,0.951560076894201,50.01705316508223,0.0013773107360747713,2.934713839307555e-05,1.0165389928346256,0.01599899207679875,AUTO,0,0
1763754809.404913,220000.0,127.24011916540117,20000.0,1399.6413108194129,46428243.271425486,682095.3950491289,45746147.87637635,40.981352186406056,35.59993973584969,0.02312546201604096,0.957579579266129,50.01705316508223,0.0013780959275289419,2.9538540605232347e-05,1.0228926244841223,0.016093727548333353,AUTO,0,0
1763754810.0894616,220000.0,126.52528831829184,20000.0,1391.7781715012102,45545180.61769011,678934.6929280843,44866245.924762025,40.98618663085548,35.60313882673141,0.0231230207898992,0.9446736135238577,50.01705316508223,0.0013788658048314952,2.9730049744792278e-05,1.0291240475292283,0.016188024033462253,AUTO,0,0
1763754810.761833,220000.0,135.30414282361977,20000.0,1488.3455710598175,48838523.17082212,718984.8456006458,48119538.32522148,40.99225681038803,35.60687552806564,0.023120169639545093,0.947257647947295,50.01705316508223,0.0013798330799858786,2.992169322812365e-05,1.0358073167410646,0.016287883039795677,AUTO,0,0
1763754811.5015042,220000.0,129.49180454736037,20000.0,1424.409850020964,46077354.0790207,692167.8526004914,45385186.22642021,40.99749744389171,35.61025190555837,0.02311759372317948,0.9338173553305873,50.01705316508223,0.001380668713836402,3.011345277171204e-05,1.0421108148280673,0.016384017463767966,AUTO,0,0
1763754812.1862347,220000.0,133.1868098061329,20000.0,1465.054907867462,47906774.92329492,709079.5671615815,47197695.356133334,41.00325916043661,35.61385530377056,0.023114844924051067,0.9439574329071269,50.01705316508223,0.0013815880199085687,3.0305339996699342e-05,1.048666050294197,0.016482500736984852,AUTO,0,0
1763754812.8544042,220000.0,126.05612882726858,20000.0,1386.6174170999543,46072044.28205317,676869.9320423126,45395174.35001086,41.00801795922616,35.61702301207841,0.023112428754491737,0.9591581225047571,50.01705316508223,0.0013823477677864875,3.0497332742225242e-05,1.0549709356205872,0.016576510449768506,AUTO,0,0
1763754813.5228329,220000.0,133.05436888017397,20000.0,1463.5980576819136,47954936.027144715,708465.1755208388,47246470.85162388,41.01375613875476,35.62061691277703,0.02310968781249409,0.9458469515904655,50.01705316508223,0.001383264430598673,3.0689452802030616e-05,1.0615329454610904,0.016674908390813068,AUTO,0,0
1763754814.1622913,220000.0,128.3726340931332,20000.0,1412.098975024465,45548135.84780834,687139.386198181,44860996.46161016,41.018831565162394,35.623923036912366,0.023107166634640467,0.9311397061371771,50.01705316508223,0.0013840757265015829,3.08816855418225e-05,1.067763639414092,0.016770344416673928,AUTO,0,0
1763754814.8174243,220000.0,139.0349918086525,20000.0,1529.3849098951775,49665722.56562787,736818.6211765716,48928903.9444513,41.025427239927886,35.62789050281931,0.02310414149511771,0.9374526356065539,50.01705316508223,0.0013851307418156396,3.1074064811519115e-05,1.074559320517488,0.016872680336281785,AUTO,0,0
1763754815.9032645,220000.0,135.86578764430448,20000.0,1494.5236640873493,49201857.64682643,721638.5414824588,48480219.105343975,41.03155673416885,35.631655610512,0.023101271017278845,0.9503598517582463,50.01705316508223,0.0013861119098543071,3.1266580354554434e-05,1.081292684282119,0.016972907911487683,AUTO,0,0
1763754816.9009163,220000.0,132.04735861422725,20000.0,1452.5209447564998,48049254.73002399,703813.6616737093,47345441.06835028,41.037136424238106,35.63518206693408,0.02309858280805672,0.9549346001819885,50.01705316508223,0.001387005673243022,3.1459220031393745e-05,1.0878684399860568,0.017070659808942366,AUTO,0,0
1763754817.5585124,220000.0,132.90878096913386,20000.0,1461.9965906604723,48344807.54205789,707790.5004788097,47637017.041579075,41.04283402606662,35.638760072469964,0.02309585562277875,0.9545811469956398,50.01705316508223,0.001387918918616533,3.1651986547868265e-05,1.0944846923529428,0.01716896404511998,AUTO,0,0
1763754818.2138376,220000.0,121.16304705317205,20000.0,1332.7935175848925,43352143.83197599,655792.7527143488,42696351.07926164,41.04690056386566,35.64162918689893,0.02309366899275995,0.9389816044683928,50.01705316508223,0.001388571095102311,3.1844843644410254e-05,1.1004147411139513,0.01726004637188586,AUTO,0,0
1763754818.8628993,220000.0,130.3249838619271,20000.0,1433.574822481198,46906356.29185969,695939.6951178878,46210416.596741796,41.05222693009228,35.64504632779401,0.02309106496700086,0.9445407734260368,50.01705316508223,0.001389425781866603,3.203781944744728e-05,1.1068328545301656,0.017356704662874454,AUTO,0,0
1763754819.5036125,220000.0,131.73649756758573,20000.0,1449.1014732434428,47546849.51157268,702384.8914849097,46844464.62008777,41.05774796173253,35.64854834669061,0.023088396564779665,0.9471795754641894,50.01705316508223,0.0013903122605707333,3.2230918372526546e-05,1.1133390301718444,0.017454258120025136,AUTO,0,0
1763754820.1645143,220000.0,137.66910062018422,20000.0,1514.3601068220264,49388700.300394095,730233.2607712988,48658467.0396228,41.06411671568165,35.65241930107947,0.023085447406858133,0.9414728796969501,50.01705316508223,0.0013913355554697586,3.242415942189735e-05,1.1200971505940143,0.017555679406243373,AUTO,0,0
1763754820.8343394,220000.0,132.87100814638328,20000.0,1461.5810896102162,48567284.908372976,707615.5765368908,47859669.33183608,41.06979137437619,35.65598889028359,0.023082728183412123,0.9592466410172413,50.01705316508223,0.0013922479616143813,3.261752719434379e-05,1.1267443268901025,0.01765395934742905,AUTO,0,0
1763754821.8508012,220000.0,131.12536376476945,20000.0,1442.3790014124638,47778799.869528405,699585.8344550487,47079214.035073355,41.07521539341525,35.65944987348177,0.02308009199912195,0.9562362922372171,50.01705316508223,0.0013931206276627918,3.281101617040807e-05,1.133283106617196,0.01775112404665892,AUTO,0,0
1763754822.5033624,220000.0,131.60261328048205,20000.0,1447.6287460853025,47499151.60669228,701770.5740549207,46797381.03263736,41.08070402435027,35.66293931067551,0.023077434446597298,0.947192021454466,50.01705316508223,0.0013940042458712226,3.300462787122352e-05,1.1397827428717289,0.017848592181944324,AUTO,0,0
1763754823.1655388,220000.0,134.26750784989656,20000.0,1476.942586348862,47519515.49109112,714115.7540854048,46805399.73700571,41.08656904673783,35.666592770929654,0.02307465230216006,0.9287905066223627,50.01705316508223,0.0013949490790133013,3.319837079886425e-05,1.146283492835202,0.017947774925567296,AUTO,0,0
1763754823.8442407,220000.0,135.92976178525774,20000.0,1495.227379637835,48512105.47197629,721941.5080218822,47790163.963954404,41.092670436943635,35.67034945482658,0.02307179190170035,0.9365959162674332,50.01705316508223,0.001395932669757238,3.339225033633054e-05,1.1529210156079734,0.018048044579459223,AUTO,0,0
1763754824.5361214,220000.0,126.95874533117312,20000.0,1396.5461986429043,45275282.734779194,680849.1450319283,44594433.589747265,41.09749850036189,35.67355280389654,0.02306935309950283,0.9358693862029938,50.01705316508223,0.0013967114819996974,3.358623804216383e-05,1.1591146869398827,0.018142606960713657,AUTO,0,0
1763754825.3087637,220000.0,125.67077121783385,20000.0,1382.3784833961722,45840090.02055364,675179.719075365,45164910.301478274,41.10214601975473,35.67667792248265,0.023066974104859864,0.9572555067561248,50.01705316508223,0.0013974615812247756,3.378032992844504e-05,1.1653875911484213,0.018236381921696347,AUTO,0,0
1763754826.084034,220000.0,128.52338436909525,20000.0,1413.7572280600477,46944172.08933709,687814.1679844523,46256357.92135263,41.10718713262121,35.67997449469686,0.023064464857134256,0.9585532032912693,50.01705316508223,0.0013982756610190384,3.3974534881364356e-05,1.1718120853041647,0.018331911667249744,AUTO,0,0
1763754826.7861714,220000.0,135.1565334007385,20000.0,1486.7218674081237,48899239.154335015,718289.2351882476,48180949.91914677,41.113166389936254,35.68367938021117,0.02306164513985124,0.9494710983884782,50.01705316508223,0.0013992418548398322,3.416887402786989e-05,1.1785038839040463,0.01843167406102589,AUTO,0,0
1763754827.5080457,220000.0,135.67327126146782,20000.0,1492.4059838761461,48414344.870896235,720727.6893821431,47693617.18151409,41.11921615998521,35.6874153051773,0.023058802148102044,0.9364755752068549,50.01705316508223,0.001400220122367706,3.436334904486541e-05,1.1851279974014788,0.018531775128995634,AUTO,0,0
1763754828.1872146,220000.0,135.05694516552265,20000.0,1485.626396820749,48709867.95460468,717820.3538940067,47992047.60071067,41.12517387055198,35.69111162426022,0.023055989640854774,0.9464915080926409,50.01705316508223,0.0014011841719897937,3.455795795764177e-05,1.191793559568244,0.018631472400369803,AUTO,0,0
1763754828.8882194,220000.0,135.21920991135295,20000.0,1487.4113090248825,49631450.7988161,718584.5059189765,48912866.29289712,41.13115142971952,35.694816974886706,0.023053170605862476,0.9632416838942021,50.01705316508223,0.0014021521004901826,3.475270130493207e-05,1.1985870132200354,0.01873127580396966,AUTO,0,0
1763754829.5985184,220000.0,133.6508890456302,20000.0,1470.1597795019322,48693802.53401019,711237.2479261844,47982565.286084004,41.13690212761373,35.69842417669541,0.023050426573710005,0.9561334894633577,50.01705316508223,0.0014030839250646968,3.494757407230217e-05,1.205251258398658,0.01883005875507052,AUTO,0,0
1763754830.3012805,220000.0,131.48322157612392,20000.0,1446.3154373373632,46848776.24695622,701223.2815763729,46147552.96537985,41.142340121949395,35.701895702249736,0.023047786060180635,0.9350710391081702,50.01705316508223,0.0014039656498201884,3.514256930144386e-05,1.2116606407549608,0.018927450877511683,AUTO,0,0
1763754830.8681383,220000.0,126.77429757543955,20000.0,1394.517273329835,46297412.1802734,680033.6932886001,45617378.4869848,41.14711703031842,35.70508016979718,0.023045364154856047,0.9583898276583662,50.01705316508223,0.0014047406422170452,3.533767216841845e-05,1.217996387767042,0.019021900001579543,AUTO,0,0
1763754831.7673519,220000.0,134.7131884974618,20000.0,1481.84507347208,48731688.24898226,716204.5343353802,48015483.714646876,41.15301035689717,35.70875035652641,0.02304257315781707,0.9493318104669238,50.01705316508223,0.0014056973486934997,3.5532907911292545e-05,1.224665204949632,0.01912137285357057,AUTO,0,0
1763754832.630692,220000.0,127.74146560906921,20000.0,1405.1561216997613,45979761.346957944,684322.7765944453,45295438.5703635,41.157915440541494,35.71199122855859,0.023040108914573726,0.9446077621192998,50.01705316508223,0.0014064941233429193,3.5728254317312395e-05,1.2309562380844048,0.01921641768365313,AUTO,0,0
1763754833.3832984,220000.0,127.40039133520688,20000.0,1401.4043046872757,46622019.256379955,682806.4996282279,45939212.75675172,41.16277158287746,35.71521117965052,0.023037660839852966,0.960366515137881,50.01705316508223,0.0014072833929260663,3.592371034410768e-05,1.2373366843006204,0.019311251919712606,AUTO,0,0
1763754834.172267,220000.0,136.75288746365314,20000.0,1504.2817621001846,49840501.98558536,725852.3612493619,49114649.624336,41.168951253906236,35.719006907636555,0.023034775345672397,0.9564507116588759,50.01705316508223,0.0014082884162970725,3.6119305957482275e-05,1.2441581634151115,0.019412064747663906,AUTO,0,0
1763754834.8649485,220000.0,135.6039293747681,20000.0,1491.643223122449,49190552.50277792,720399.9287325464,48470152.574045375,41.17496087659896,35.722729089884496,0.023031946111584278,0.9519762597659012,50.01705316508223,0.0014092664724487756,3.631503741198905e-05,1.2508901290503955,0.019512120293321205,AUTO,0,0
1763754835.5478544,220000.0,127.35891448437633,20000.0,1400.9480593281396,45425608.641507626,682622.3869506804,44742986.25455695,41.17980082836291,35.725943071961666,0.02302950344047697,0.9360264002169574,50.01705316508223,0.0014100546603856895,3.651087833704262e-05,1.2571044326968617,0.019606928958175465,AUTO,0,0
1763754836.282449,220000.0,132.6305499374272,20000.0,1458.9360493116992,47386933.50792125,706503.193021297,46680430.31489995,41.185379478172315,35.7294785913892,0.02302681669573908,0.9376305023711172,50.01705316508223,0.0014109636924694955,3.670684551655227e-05,1.2635878257961533,0.019705054401650646,AUTO,0,0
1763754836.965723,220000.0,128.40784237169265,20000.0,1412.4862660886192,46158946.79457455,687296.9130720117,45471649.88150254,41.19035955687771,35.732754146131875,0.02302432778550377,0.9433677692015598,50.01705316508223,0.001411775683423382,3.6902925472583294e-05,1.2699033327241398,0.01980051230624398,AUTO,0,0
1763754837.6464677,220000.0,137.15863589928458,20000.0,1508.7449948921303,49840479.645943955,727788.8501841358,49112690.79575982,41.1965799770478,35.73656920443187,0.02302142927592126,0.953620871570253,50.01705316508223,0.0014127905657335693,3.7099146384490736e-05,1.2767245397791065,0.019901594090991778,AUTO,0,0
1763754838.3409548,220000.0,129.67629988421493,20000.0,1426.439298726364,46064015.24948939,693000.9865049385,45371014.262984455,41.20172983054039,35.73991922542862,0.023018884381635935,0.9322188342677418,50.01705316508223,0.001413631333523917,3.7295484069702394e-05,1.2830260695378544,0.019997844228006354,AUTO,0,0
1763754839.005169,220000.0,127.39617851080968,20000.0,1401.3579636189065,46071284.45769423,682787.7964765305,45388496.661217704,41.20655812214258,35.743129699640335,0.02301644576017412,0.9490533173576466,50.01705316508223,0.001414420057407596,3.7491931299897894e-05,1.289330027407468,0.02009267586640587,AUTO,0,0
1763754839.6982574,220000.0,131.83293784937007,20000.0,1450.1623163430706,46939315.209602214,702827.7870987761,46236487.42250344,41.21200484197749,35.746609288525605,0.02301380301553359,0.9343928595586701,50.01705316508223,0.0014153103326504355,3.768850217943268e-05,1.2957517617717045,0.020190290836836256,AUTO,0,0
1763754840.4139786,220000.0,132.86546256831187,20000.0,1461.5200882514307,47703529.28029572,707589.8994441956,46995939.38085153,41.21759748445248,35.750152829499804,0.023011112011194844,0.9422260320836535,50.01705316508223,0.001416225042274182,3.788520010197076e-05,1.3022789755746005,0.020288567211759062,AUTO,0,0
1763754841.0963786,220000.0,128.76031381496125,20000.0,1416.3634519645736,46730925.74124622,688876.3016407845,46042049.43960544,41.222609483795594,35.7534443435588,0.023008612680778858,0.9524431218119199,50.01705316508223,0.0014170452865755227,3.8082011947328474e-05,1.3086737046634345,0.020384244475875838,AUTO,0,0
1763754841.799776,220000.0,134.15562191998936,20000.0,1475.711841119883,49009379.66948297,713592.4630750866,48295787.20640788,41.22838184044173,35.75706678570341,0.023005862382015598,0.9587094768962386,50.01705316508223,0.0014179905566500141,3.827895508019653e-05,1.3153814528865466,0.02048335454019182,AUTO,0,0
1763754842.5222707,220000.0,138.52768548886797,20000.0,1523.8045403775477,49845468.46036834,734365.1599276331,49111103.30044071,41.234782936510534,35.76096300546946,0.023002904587609573,0.9442908808483523,50.01705316508223,0.0014190395252332312,3.847604390314559e-05,1.3222024394560523,0.02058534970129288,AUTO,0,0
1763754843.2017443,220000.0,132.75101701217736,20000.0,1460.2611871339507,48100278.656703845,707060.2337895792,47393218.42291427,41.24034611369251,35.76449521400495,0.023000223459027105,0.9508815640388772,50.01705316508223,0.0014199518115465394,3.867325943252706e-05,1.3287848309036794,0.020683552511541435,AUTO,0,0
1763754843.8956826,220000.0,130.0800468413918,20000.0,1430.8805152553098,47120929.68719802,694828.3430469714,46426101.34415105,41.245527467058956,35.76786168813801,0.02299766842226204,0.950648259911311,50.01705316508223,0.0014208020113766623,3.887059304521826e-05,1.3352329005348114,0.020780056448075738,AUTO,0,0
1763754844.5923681,220000.0,132.67935622830893,20000.0,1459.4729185113981,48498128.49173096,706728.8127810177,47791399.67894994,41.25107428076008,35.77138744693436,0.02299499279827227,0.9592643749927605,50.01705316508223,0.0014217127431899173,3.906805314843908e-05,1.3418705949346654,0.02087821322762866,AUTO,0,0
1763754845.2667499,220000.0,130.9440777565709,20000.0,1440.3848553222797,47838045.88723188,698758.028527617,47139287.85870426,41.256372548641906,35.77480551396516,0.02299239919646626,0.9587475378002117,50.01705316508223,0.0014225832113649198,3.926563415001754e-05,1.3484177182483743,0.02097526295381305,AUTO,0,0
1763754845.9698763,220000.0,127.34816244562374,20000.0,1400.829786901861,45568824.74011692,682574.6692294979,44886250.07088742,41.26116626213315,35.77800461858119,0.02298997200660498,0.9390567460928977,50.01705316508223,0.0014233712440360087,3.94633246005781e-05,1.3546519196471087,0.021070064991206037,AUTO,0,0
1763754846.66695,220000.0,129.81399616940357,20000.0,1427.9539578634392,46996598.148686975,693623.560832012,46302974.58785497,41.266302205542175,35.781352852921025,0.0229874319450819,0.9500831046660391,50.01705316508223,0.0014242160198546475,3.966113238111346e-05,1.3610828883398665,0.02116640159687715,AUTO,0,0
1763754847.3524997,220000.0,130.61570384174658,20000.0,1436.7727422592122,47158652.45718217,697261.4914574642,46461390.96572471,41.27154681102949,35.78474856712724,0.022984856150680244,0.947507559475332,50.01705316508223,0.001425079186150581,3.98590600458566e-05,1.3675358593073281,0.021263243470690685,AUTO,0,0
1763754848.034726,220000.0,130.33682242896248,20000.0,1433.7050467185873,46560708.93167678,695993.463182034,45864715.46849475,41.276749599266566,35.788126444982055,0.022982294172267336,0.9374954038450793,50.01705316508223,0.0014259359869839493,4.005710671071548e-05,1.3739059586779523,0.021359909229465967,AUTO,0,0
1763754848.7287269,220000.0,129.3234509425899,20000.0,1422.5579603684887,46764122.542710856,691408.6456875167,46072713.89702334,41.281808249094134,35.79144203111601,0.022979779717224393,0.9489693738544427,50.01705316508223,0.001426769544869659,4.025526914750293e-05,1.3803049467192055,0.021455938208033678,AUTO,0,0
1763754849.4304638,220000.0,128.97008152486742,20000.0,1418.6708967735415,47008102.60632273,689818.3043227233,46318284.302,41.28681372943129,35.79473473892282,0.022977282884776528,0.9565340614084042,50.01705316508223,0.0014275948211700464,4.045354620599877e-05,1.38673804176115,0.021551746305856278,AUTO,0,0
1763754850.1502862,220000.0,132.59563305369295,20000.0,1458.5519635906223,47719990.280829936,706341.8315911447,47013648.44923879,41.292327689399414,35.79824884834314,0.022974618464624185,0.9444692380564503,50.01705316508223,0.0014285044853900484,4.065194960674739e-05,1.3932677151568775,0.021649849338021714,AUTO,0,0
1763754850.8145707,220000.0,138.46455555707286,20000.0,1523.1101111278015,49858573.43655756,734060.475129243,49124512.961428314,41.29868369373971,35.80212944252022,0.022971676532368618,0.9449697886153637,50.01705316508223,0.0014295537848746692,4.0850498743535536e-05,1.4000905641792982,0.021751802181789664,AUTO,0,0
1763754851.499578,220000.0,122.17401097921162,20000.0,1343.9141207713278,44126834.47359385,660079.1436172342,43466755.32997662,41.30274542809107,35.80501293544346,0.0229694907603625,0.9478522238903694,50.01705316508223,0.001430224731730832,4.104914106738704e-05,1.406127613530684,0.02184347984062539,AUTO,0,0
1763754852.215861,220000.0,132.40249697008426,20000.0,1456.4274666709268,47773268.29114561,705450.0590569831,47067818.232088625,41.30822256705057,35.80851199250649,0.02296683865204042,0.9469029505124382,50.01705316508223,0.0014311299840782251,4.124790912073124e-05,1.412664810507363,0.021941459015494418,AUTO,0,0
1763754852.9301538,220000.0,126.2391299417141,20000.0,1388.630429358855,45469806.00706427,677674.4035851556,44792131.60347911,41.31283251018866,35.81163425187808,0.022964472395847427,0.9452480726027097,50.01705316508223,0.0014318923518162401,4.1446783058483496e-05,1.418885939896735,0.022035580460436802,AUTO,0,0
1763754853.753112,220000.0,129.38692185485218,20000.0,1423.2561404033738,46207746.40260278,691694.7579322108,45516051.64467057,41.317877659578556,35.81494599945307,0.022961962799303563,0.9372190313061879,50.01705316508223,0.0014327271570793545,4.1645772941411185e-05,1.4252076137362726,0.022131649176816277,AUTO,0,0
1763754854.5323982,220000.0,128.95808735373055,20000.0,1418.538960891036,46177123.86658272,689764.4008334781,45487359.46574924,41.32285970377926,35.818230586884695,0.02295947405522948,0.939712465776332,50.01705316508223,0.0014335519981259074,4.184487738559534e-05,1.43152530255096,0.022227449788043148,AUTO,0,0
1763754855.268733,220000.0,124.30336631843454,20000.0,1367.33702950278,44756212.66564227,669223.919523926,44086988.746118344,41.327194806145144,35.82123412473607,0.02295719849957489,0.9449027881521351,50.01705316508223,0.0014342701160591231,4.204408156838133e-05,1.4376484954323654,0.022320397554643694,AUTO,0,0
1763754856.0194483,220000.0,128.22073980513485,20000.0,1410.4281378564833,46318043.14882944,686460.2846162522,45631582.86421318,41.332068165341916,35.82447191736978,0.022954745719223176,0.9480006092672852,50.01705316508223,0.001435077826768378,4.224339793321027e-05,1.4439862152746172,0.022415739260840395,AUTO,0,0
1763754856.8055916,220000.0,132.8833765998974,20000.0,1461.717142598871,48034109.41322734,707672.8487153068,47326436.56451204,41.33759528178764,35.82799424520854,0.022952077687671945,0.9486276514040028,50.01705316508223,0.0014359944417241357,4.244284160567196e-05,1.4505593314641327,0.0225140271564953,AUTO,0,0
1763754857.5355046,220000.0,129.3523367549116,20000.0,1422.8757043040273,47054807.64724749,691538.8388654103,46363268.80838209,41.34262079315778,35.831298822253224,0.02294957487614272,0.9546549210035417,50.01705316508223,0.001436828378842655,4.2642401102733434e-05,1.4569986743541858,0.022610074217448827,AUTO,0,0
1763754858.2426882,220000.0,138.88841403632722,20000.0,1527.7725543995994,50187465.71956556,736108.8128286414,49451356.906736925,41.349008195826386,35.835195868490295,0.022946623692615974,0.9483004115924669,50.01705316508223,0.0014378890082062151,4.284210790942874e-05,1.4638669183690105,0.022712311552563917,AUTO,0,0
1763754858.9804516,220000.0,128.49143541666743,20000.0,1413.4057895833416,46893309.90944658,687671.0933479902,46205638.81609859,41.35390752568677,35.838446366813656,0.022944162421883508,0.9577527309900379,50.01705316508223,0.0014387030733589159,4.304192778072859e-05,1.4702843682045799,0.022807821426640028,AUTO,0,0
1763754859.73522,220000.0,140.26671737320007,20000.0,1542.9338911052005,50595045.89954971,742812.878894229,49852233.020655476,41.360490170660356,35.84242901425778,0.022941147129209537,0.9466077431497297,50.01705316508223,0.0014397975612377122,4.3241899664233826e-05,1.4772082894574488,0.022910989882042005,AUTO,0,0
1763754860.455116,220000.0,129.27660464815173,20000.0,1422.042651129669,46109593.3718816,691197.5634349931,45418395.8084466,41.36549061650843,35.84572409842266,0.022938652695480816,0.9360262902217464,50.01705316508223,0.001440629535361783,4.344198709970074e-05,1.4835163999863996,0.0230069895436302,AUTO,0,0
1763754861.5351868,220000.0,133.6931524533269,20000.0,1470.624676986596,47978355.69362111,711434.1194409179,47266921.574180186,41.37111448339792,35.84929065438745,0.02293595305872897,0.9417874257267151,50.01705316508223,0.0014415658086751996,4.364220457312785e-05,1.4900812502050358,0.02310579983799699,AUTO,0,0
1763754866.9309976,220000.0,128.50550073861896,20000.0,1413.5605081248086,46431242.48675678,687734.0766587297,45743508.410098046,41.376001841733974,35.85253726320683,0.02293349587613337,0.9482116327690628,50.01705316508223,0.0014423799606397812,4.3842535123216705e-05,1.4964345152619938,0.02320131845975515,AUTO,0,0
1763754867.6503513,220000.0,130.40071680961427,20000.0,1434.4078849057569,47803954.70725222,696283.7411602922,47107670.96609193,41.38115111314605,35.85589797599882,0.022930952611696913,0.9620564139737036,50.01705316508223,0.0014432382403668036,4.4042984878823206e-05,1.5029772473406176,0.0232980245349163,AUTO,0,0
1763754868.3836155,220000.0,127.15952860067513,20000.0,1398.7548146074264,45329016.53055086,681738.1645197936,44647278.366031066,41.38584638394184,35.85906169266807,0.022928558684443625,0.9355006189329755,50.01705316508223,0.001444021292493083,4.4243543391669466e-05,1.5091782582247886,0.023392710391099605,AUTO,0,0
1763754869.1157403,220000.0,135.15481758552377,20000.0,1486.7029934407617,49130526.1388321,718281.1538616237,48412244.98497047,41.39166918823068,35.86271601196443,0.02292579383810043,0.9539740828137674,50.01705316508223,0.0014449929787918893,4.4444236860946116e-05,1.5159021811393678,0.023492471662469275,AUTO,0,0
1763754869.8988845,220000.0,126.7145891467269,20000.0,1393.8604806139958,45900458.28476314,679769.973676117,45220688.31108703,41.396296682055045,35.86585088320078,0.02292342227018756,0.9506203208717723,50.01705316508223,0.0014457656627308402,4.464503764743651e-05,1.5221828322936855,0.02358688415881318,AUTO,0,0
1763754870.6801348,220000.0,128.8807475012828,20000.0,1417.6882225141107,47037820.188478015,689416.9450607514,46348403.24341726,41.40122355411416,35.869116227793015,0.0229209522584625,0.9578022063183461,50.01705316508223,0.001446588790023266,4.4845952757161965e-05,1.528620110521938,0.02368263651229384,AUTO,0,0
1763754871.4072404,220000.0,136.13830776326378,20000.0,1497.5213853959017,49416806.8090379,722930.1231594007,48693876.6858785,41.40718021052927,35.87282971378152,0.022918143581603902,0.9526009775862747,50.01705316508223,0.0014475845881216426,4.504700617217886e-05,1.535383148950532,0.023783043473843756,AUTO,0,0
1763754878.971225,220000.0,134.34471622142945,20000.0,1477.791878435724,49130632.289900586,714477.1123797642,48416155.17752082,41.41287447121427,35.876429440151995,0.02291542127478801,0.959728639463638,50.01705316508223,0.0014485371613240374,4.5248191889029424e-05,1.54210761494741,0.023882276406118723,AUTO,0,0
1763754879.7156813,220000.0,131.673843603529,20000.0,1448.412279638819,47417851.71823286,702097.3309804269,46715754.387252435,41.41818547591416,35.87986291154724,0.022912825000241572,0.9450592845271323,50.01705316508223,0.001449426185917955,4.5449501081518026e-05,1.5485959141678618,0.02397978992431045,AUTO,0,0
1763754880.4947264,220000.0,136.3823781996675,20000.0,1500.2061601963424,49683806.84710768,724089.0673251117,48959717.77978256,41.42416717272425,35.88358834466283,0.02291000828688558,0.9560339111588767,50.01705316508223,0.001450428132976943,4.565094943332038e-05,1.5553958749706094,0.024080357850327826,AUTO,0,0
1763754881.2662196,220000.0,125.90108246062279,20000.0,1384.9119070668507,46606454.028793916,676189.2626083179,45930264.7661856,41.42866423484048,35.88666854819147,0.02290767967811921,0.9714787143569272,50.01705316508223,0.0014511818566039568,4.585250246895982e-05,1.5617750784103575,0.024174273025690092,AUTO,0,0
1763754882.0032306,220000.0,134.24962997580485,20000.0,1476.7459297338535,49255720.75763486,714032.1099019125,48541688.64773295,41.43433075452934,35.89025741417985,0.02290496682321609,0.9628536319607371,50.01705316508223,0.0014521321432139193,4.605418748885064e-05,1.5685169796114315,0.02427344415206536,AUTO,0,0
1763754882.780668,220000.0,131.6203377936708,20000.0,1447.8237157303788,48142400.13650358,701851.8657037102,47440548.27079987,41.43961996602729,35.893682600260874,0.02290237799500083,0.9598899153348703,50.01705316508223,0.0014530197159916835,4.6255995782738375e-05,1.5751059446490427,0.02437092357785754,AUTO,0,0
1763754883.5661783,220000.0,132.9425358963633,20000.0,1462.367894859996,48572711.17863019,707946.859828085,47864764.3188021,41.44509446838516,35.897188716758556,0.02289972830091532,0.9588376486115658,50.01705316508223,0.0014539389534320589,4.6457931748492827e-05,1.5817538285822097,0.02446924953061144,AUTO,0,0
1763754884.428123,220000.0,126.22907670177793,20000.0,1388.5198437195572,45680947.93891323,677630.1793220296,45003317.75959121,41.44962440134143,35.90028444170378,0.022897389008822516,0.949713023859947,50.01705316508223,0.0014547000255282956,4.665997341870509e-05,1.5880042893821529,0.024563364833295055,AUTO,0,0
1763754885.1627522,220000.0,131.97858507824066,20000.0,1451.7644358606472,47983661.01360642,703497.2767210888,47280163.73688533,41.454956227119595,35.90372908996415,0.022894786332862686,0.9541279190547904,50.01705316508223,0.0014555963337234887,4.686213957616669e-05,1.5945709787900537,0.024661072788395206,AUTO,0,0
1763754885.8983972,220000.0,125.79456642451551,20000.0,1383.7402306696706,46070680.587309994,675722.1317402205,45394958.455569774,41.459421324213224,35.90679722364411,0.02289246838946228,0.9611240335897425,50.01705316508223,0.0014563473651085955,4.7064410043542884e-05,1.6008758341311051,0.024754923084470238,AUTO,0,0
1763754886.6437056,220000.0,130.10156611106765,20000.0,1431.117227221744,46858306.04701084,694925.8985993229,46163380.14841151,41.4644838291951,35.9101253909441,0.02288995425869227,0.9451935556156839,50.01705316508223,0.0014571993495266068,4.726679884208825e-05,1.6072874147072733,0.02485144057038681,AUTO,0,0
1763754887.4456773,220000.0,130.71437506887384,20000.0,1437.8581257576122,47407326.99644062,697710.7825322358,46709616.21390838,41.469629055377574,35.91348977908836,0.02288741304696955,0.9517848984069248,50.01705316508223,0.0014580657660557882,4.7469307976262666e-05,1.6137748614036496,0.024948344845738508,AUTO,0,0
1763754888.1824558,220000.0,130.65099315111962,20000.0,1437.160924662316,47312179.34186505,697422.1393661789,46614757.20249887,41.4747620066704,35.91684910629166,0.022884875939395585,0.9503354499215843,50.01705316508223,0.001458930628896603,4.7671937230276086e-05,1.6202491332373299,0.02504520903176159,AUTO,0,0
1763754888.9527786,220000.0,129.2260800008081,20000.0,1421.486880008889,46595776.04263434,690969.9928053864,45904806.049828954,41.47969220328858,35.92012059083029,0.0228824054446665,0.9462656398610665,50.01705316508223,0.0014597618121338434,4.787468192640579e-05,1.6266248007442505,0.02514117708631789,AUTO,0,0
1763754889.7306032,220000.0,129.4288090270166,20000.0,1423.7168992971826,46646548.652294725,691883.6525455914,45954664.99974913,41.48464635230205,35.923402661604705,0.0228799272236277,0.9458129433760325,50.01705316508223,0.0014605975105115507,4.807754269175461e-05,1.6330073931053268,0.025237272038060334,AUTO,0,0
1763754890.5978487,220000.0,131.61751491346206,20000.0,1447.7926640480828,48141778.419102974,701838.918122288,47439939.50098068,41.489905358285036,35.92681753777564,0.02287734900899824,0.9598981062599626,50.01705316508223,0.001461485157665343,4.828052674143035e-05,1.6395962735915741,0.02533474966557732,AUTO,0,0
1763754891.467341,220000.0,132.14221217416335,20000.0,1453.5643339157969,47511072.41296302,704250.2952878186,46806822.1176752,41.495237552930185,35.93026467489412,0.022874746732167668,0.9435609352499778,50.01705316508223,0.0014623857088122407,4.8483635867654276e-05,1.646097221107918,0.025432562206589515,AUTO,0,0
1763754892.3528535,220000.0,128.08569390155904,20000.0,1408.9426329171492,46025786.59575763,685857.1853706173,45339929.41038702,41.49999633540506,35.93346278837709,0.022872332710368974,0.9430121447069423,50.01705316508223,0.0014631898853199252,4.868685668505982e-05,1.6523944335260272,0.025527820149002102,AUTO,0,0
1763754893.2016914,220000.0,131.49759584153998,20000.0,1446.47355425694,47005544.35507163,701289.1470157173,46304255.208055906,41.50523200214479,35.93686856949211,0.022869762215581183,0.9380974718458215,50.01705316508223,0.0014640751604090623,4.889020045733885e-05,1.6588255800827016,0.025625221419420953,AUTO,0,0
1763754894.0219479,220000.0,126.67215232853077,20000.0,1393.3936756138385,45636219.00785083,679582.6146746525,44956636.39317618,41.50979046580586,35.93998024960922,0.022867413944465693,0.9454644365804282,50.01705316508223,0.0014648463664770738,4.909365134157178e-05,1.6650695573595318,0.025719607893681322,AUTO,0,0
1763754894.8064084,220000.0,134.857323627838,20000.0,1483.4305599062181,49287062.45391119,716881.5365531694,48570180.917358026,41.515501774486076,35.94359355240041,0.02286468741963208,0.9591247323747494,50.01705316508223,0.0014658131855354204,4.9297236506229476e-05,1.671815415820276,0.02581917477375815,AUTO,0,0
1763754895.5364137,220000.0,130.75337456912143,20000.0,1438.2871202603358,46698687.78491965,697888.4570041748,46000799.327915475,41.52062598227877,35.946951945498576,0.02286215353596808,0.9372780852875019,50.01705316508223,0.0014666811623383661,4.950094222322092e-05,1.678204415726931,0.025916103726119844,AUTO,0,0
1763754896.2199512,220000.0,126.02899163250729,20000.0,1386.3189079575802,46499589.70787908,676750.7364967405,45822838.97138234,41.52508832038704,35.95002282608251,0.02285983682422454,0.9682674917347595,50.01705316508223,0.0014674374453489934,4.970475297951939e-05,1.6845686989174007,0.026010096883966615,AUTO,0,0
1763754896.912205,220000.0,136.20094423184526,20000.0,1498.210386550298,49186731.60492242,723227.3481808756,48463504.256741546,41.53098482406282,35.953717572408955,0.022857049771297704,0.9477298044251162,50.01705316508223,0.0014684373907984784,4.990870261713029e-05,1.6912997411752815,0.026110545126769514,AUTO,0,0
1763754897.6520467,220000.0,130.4345943497929,20000.0,1434.780537847722,47474882.09486396,696437.7076172701,46778444.38724669,41.53605504659438,35.957053387284,0.022854533762525064,0.9551856619944105,50.01705316508223,0.001469297758033373,5.0112771750190484e-05,1.697796747340177,0.0262072725861608,AUTO,0,0
1763754898.3727355,220000.0,124.91506146053348,20000.0,1374.0656760658683,44385561.30328659,671880.1334284986,43713681.16985809,41.540356202769615,35.96005514010743,0.022852269953829673,0.9324887526466646,50.01705316508223,0.0014700280174085722,5.0316942308163896e-05,1.7038680919471016,0.0263005892713592,AUTO,0,0
1763754899.1158524,220000.0,132.471439257006,20000.0,1457.185831827066,47912366.63697981,705768.2389807655,47206598.39799905,41.54570992097621,35.96351477178891,0.022849661108330484,0.9491657539892686,50.01705316508223,0.0014709374900525995,5.052123918178231e-05,1.7104245639468236,0.02639861263788431,AUTO,0,0
1763754899.9161503,220000.0,139.79412075414916,20000.0,1537.7353282956408,50946100.54594103,740506.7113439443,50205593.83459709,41.552119030780815,35.96743370330604,0.022846706272917846,0.9563981630363437,50.01705316508223,0.0014720269892827943,5.072568737473825e-05,1.7173975630905176,0.026501460792237634,AUTO,0,0
1763754900.6492224,220000.0,127.1824366899625,20000.0,1399.0068035895874,45938025.46772837,681839.6852545534,45256185.78247382,41.556722782434434,35.970567953489976,0.022844343354438426,0.9478985842592602,50.01705316508223,0.0014728100895377244,5.093024433161849e-05,1.7236831444491945,0.026596160748522987,AUTO,0,0
1763754901.4335523,220000.0,129.001431812658,20000.0,1419.015749939238,46665440.92189975,689959.220594889,45975481.70130486,41.56157892764556,35.97381230162547,0.022841897690270067,0.9493307202286183,50.01705316508223,0.0014736365735411548,5.113491607794365e-05,1.7300686280188202,0.026691988418050056,AUTO,0,0
1763754902.2199981,220000.0,132.72146618368765,20000.0,1459.9361280205642,48203910.173140265,706923.5436975535,47496986.629442714,41.566958128681264,35.977284431026455,0.022839280609395878,0.9531424005579187,50.01705316508223,0.001474552619633223,5.133971505289271e-05,1.736665431717354,0.026790172243563604,AUTO,0,0
1763754902.9950023,220000.0,130.32433381895206,20000.0,1433.5676720084725,46814030.15090201,695936.7429128019,46118093.40798921,41.57199536904927,35.98060821063409,0.022836775626517865,0.9426863285640134,50.01705316508223,0.0014754109481276477,5.154463324013266e-05,1.7430707224684636,0.026886830124523715,AUTO,0,0
1763754903.7980711,220000.0,128.61458627965055,20000.0,1414.7604490761562,46541062.398822956,688222.786470904,45852839.61235205,41.57678920430537,35.983826378731564,0.02283435050006238,0.9496482221381767,50.01705316508223,0.0014762282652183221,5.17496649436352e-05,1.7494391724146237,0.026982416622644674,AUTO,0,0
1763754904.5835838,220000.0,129.34653111656328,20000.0,1422.8118422821963,46341250.92241437,691512.6695495378,45649738.25286483,41.58168163483972,35.98708761200425,0.02283189318355465,0.9402203755812358,50.01705316508223,0.0014770628589750678,5.1954812562937296e-05,1.7557794138386327,0.027078460048971,AUTO,0,0
1763754905.338938,220000.0,127.45127298297834,20000.0,1401.9640028127617,45886869.35855252,683032.4413863204,45203836.9171662,41.586305739624365,35.99023235885446,0.02282952388919777,0.9448458135614384,50.01705316508223,0.00147785211309949,5.216006980086778e-05,1.7620577245215725,0.027173325665830212,AUTO,0,0
1763754906.096941,220000.0,136.4289102227745,20000.0,1500.7180124505196,50559101.15073442,724310.255616655,49834790.89511776,41.59219951741669,35.99392942705038,0.02282673878297617,0.9725448224512622,50.01705316508223,0.0014788586896397151,5.2365466841095516e-05,1.7689792232570056,0.027273924312443635,AUTO,0,0
1763754906.844339,220000.0,131.95842893886086,20000.0,1451.5427183274696,47817518.23202175,703404.5818906478,47114113.6501311,41.59744957426522,35.997346961394996,0.0228241645597333,0.9509694986809656,50.01705316508223,0.001479755904799383,5.257098849453988e-05,1.7755228501528573,0.02737161939326178,AUTO,0,0
1763754907.6075928,220000.0,126.73044112739291,20000.0,1394.0348524013218,45043599.64072421,679839.9764381789,44363759.66428603,41.60196417554334,36.00044499642572,0.022821831246983976,0.9327576829605381,50.01705316508223,0.0014805278686254963,5.277661736518231e-05,1.7816844834395638,0.027466041612211528,AUTO,0,0
1763754908.4305944,220000.0,138.0733936101894,20000.0,1518.8073297120836,50157952.735491484,732175.7014893496,49425777.03400213,41.60808808245772,36.00424308644724,0.022818971007040074,0.9533371003459065,50.01705316508223,0.0014815756556365324,5.298239176179849e-05,1.7885491746942863,0.027567732681862828,AUTO,0,0
1763754909.2092807,220000.0,129.8557555012069,20000.0,1428.4133105132757,47349518.87239937,693812.5003338153,46655706.37206555,41.61303338204576,36.00752912168699,0.022816496671085443,0.9569099246616467,50.01705316508223,0.0014824223266923719,5.3188283751616875e-05,1.7950291339126287,0.027664095529131412,AUTO,0,0
1763754909.9573898,220000.0,130.29648092820634,20000.0,1433.2612902102699,47032781.693536855,695810.2613461898,46336971.432190664,41.6180391338798,36.010841807256625,0.022814002539399473,0.9472937473779349,50.01705316508223,0.001483279840363399,5.339429484055624e-05,1.8014648243893219,0.027760735843207273,AUTO,0,0
1763754910.6651137,220000.0,131.5034579209547,20000.0,1446.5380371305018,46979906.119424656,701316.0101726125,46278590.10925204,41.62321127806395,36.01422706250881,0.02281145405142893,0.9375440101927355,50.01705316508223,0.0014841663790296793,5.360042905986591e-05,1.80789240634894,0.027858140844620134,AUTO,0,0
1763754911.3647544,220000.0,128.478906976087,20000.0,1413.267976736957,46334780.18215036,687614.9978661046,45647165.184284255,41.62795541267899,36.01742649941945,0.022809045712902508,0.9464375564771508,50.01705316508223,0.001484980020019694,5.380667628486865e-05,1.814232290402313,0.027953642927657094,AUTO,0,0
1763754912.1458,220000.0,131.5725376537346,20000.0,1447.2979141910805,47106260.82783283,701632.6603487467,46404628.16748409,41.63313026708783,36.02081339765873,0.02280649654210933,0.9395720156436062,50.01705316508223,0.0014858680400844694,5.401304684599149e-05,1.820677377647797,0.028051091908261088,AUTO,0,0
1763754912.9756567,220000.0,135.05186090302038,20000.0,1485.5704699332243,49017719.46539234,717796.4254438174,48299923.03994852,41.63879951513053,36.02441564949913,0.02280378559668672,0.9525092919246678,50.01705316508223,0.0014868415091079058,5.4219552611145365e-05,1.8273857002922342,0.028150785856239396,AUTO,0,0
1763754913.70117,220000.0,136.04797858601975,20000.0,1496.5277644462174,49506696.521711305,722501.7303652086,48784194.791346096,41.64460894486824,36.02807921431508,0.022801028839495578,0.9549673999558578,50.01705316508223,0.001487839710413937,5.4426197015369524e-05,1.8341612829021434,0.02825113331879012,AUTO,0,0
1763754914.4426148,220000.0,135.18950216417142,20000.0,1487.0845238058855,49473539.84119885,718444.5348557888,48755095.306343056,41.6502912641145,36.03168788162306,0.022798313717362406,0.9603879634217866,50.01705316508223,0.0014888167193586332,5.4632977115280446e-05,1.8409328239169134,0.028350917281964535,AUTO,0,0
1763754915.1936693,220000.0,134.7714762482799,20000.0,1482.4862387310789,48494660.496219076,716478.2245158909,47778182.27170318,41.65591094745826,36.035269721338075,0.02279561909973663,0.9443057399209515,50.01705316508223,0.001489783589780694,5.483989150274999e-05,1.8475686825657611,0.02845042814648063,AUTO,0,0
1763754915.9019628,220000.0,136.08105444515772,20000.0,1496.8915988967349,49396336.28163207,722658.5620740578,48673677.719558015,41.661715828419155,36.038932437803474,0.022792863967895174,0.9526069913880576,50.01705316508223,0.0014907829828732224,5.5046944694815716e-05,1.8543289155823663,0.028550797391213138,AUTO,0,0
1763754916.6131215,220000.0,125.14776915009405,20000.0,1376.6254606510345,45313034.64094793,672894.0628834248,44640140.57806451,41.66597697915449,36.041924261468985,0.02279061373539574,0.9502037226370132,50.01705316508223,0.0014915170274486644,5.525409983751692e-05,1.8605289351070975,0.028644254899946948,AUTO,0,0
1763754917.316517,220000.0,133.71034794434522,20000.0,1470.8138273877973,47586077.615848035,711514.2373362603,46874563.37851177,41.671435535748216,36.04543695489107,0.022787972026025227,0.9339671075156574,50.01705316508223,0.001492457870503578,5.546138565286464e-05,1.8670392911318907,0.028743076321799205,AUTO,0,0
1763754918.0312464,220000.0,135.9341166928229,20000.0,1495.2752836210518,49261938.97834568,721962.1370283545,48539976.841317326,41.677212117597875,36.04908839152681,0.022785226299869964,0.9510420603313707,50.01705316508223,0.0014934541751162672,5.566880984385301e-05,1.8737809545820736,0.02884334884083092,AUTO,0,0
1763754918.7617114,220000.0,130.28348324362233,20000.0,1433.1183156798454,47510814.469574265,695751.2473701334,46815063.222204134,41.682179535548286,36.05238830909296,0.022782745185804684,0.9570173384608023,50.01705316508223,0.0014943114526294724,5.587635310116266e-05,1.8802830466962686,0.028939980958521218,AUTO,0,0
1763754919.4660153,220000.0,129.2624756890859,20000.0,1421.887232579945,46798010.73796751,691133.915513035,46106876.822454475,41.68700048220315,36.05562479207659,0.022780312028827604,0.9501050251390247,50.01705316508223,0.0014951439226543418,5.60840119793091e-05,1.886686779588276,0.02903597178012025,AUTO,0,0
1763754920.1659768,220000.0,126.93978892704645,20000.0,1396.337678197511,45002500.859939046,680765.2832637782,44321735.576675266,41.69149562931532,36.05871989384658,0.022777985403973765,0.9303697232904221,50.01705316508223,0.0014959205521656084,5.629177872266543e-05,1.8928425761961476,0.029130522513906885,AUTO,0,0
1763754920.874788,220000.0,128.85513868913796,20000.0,1417.4065255805176,46739196.29753221,689301.9412611858,46049894.35627102,41.69625458585647,36.06192992353984,0.022775572637455898,0.9519106578486706,50.01705316508223,0.001496743199824771,5.6499659722641095e-05,1.8992383948567408,0.029226258894637605,AUTO,0,0
1763754921.5651011,220000.0,126.37031108277245,20000.0,1390.0734219104968,46317658.63282458,678251.7930354819,45639406.83978909,41.7006664443376,36.0649893327354,0.022773273320248047,0.9618741088920798,50.01705316508223,0.0014975062511612494,5.6707646701969046e-05,1.9055772013622672,0.0293204605325592,AUTO,0,0
1763754922.3130288,220000.0,127.63294229513428,20000.0,1403.9623652464772,45894085.595014416,683839.8865161014,45210245.708498314,41.70525070468788,36.06812391887848,0.022770917744111715,0.9436493216768506,50.01705316508223,0.0014982995323098453,5.69157438592343e-05,1.911856402155114,0.029415438294575328,AUTO,0,0
1763754923.0861907,220000.0,137.09052434205594,20000.0,1507.9957677626153,50168104.9440077,727463.3779249543,49440641.566082746,41.71117555751348,36.07184167768041,0.022768124241741343,0.9603663854153393,50.01705316508223,0.0014993254182075007,5.712398350065201e-05,1.9187231579281812,0.029516474874842682,AUTO,0,0
1763754923.810731,220000.0,131.48213892525663,20000.0,1446.303528177823,47430740.17195961,701218.3209692251,46729521.850990385,41.71629405908673,36.07520923022243,0.02276559417812194,0.9466944549545895,50.01705316508223,0.0015002122502239916,5.733234631318312e-05,1.9252133692963742,0.02961386630831063,AUTO,0,0
1763754924.5260115,220000.0,129.54130244626805,20000.0,1424.9543269089486,47375412.294186905,692391.256063821,46683021.038123086,41.72113585476776,36.078456727351515,0.022763154579189752,0.9597573243049656,50.01705316508223,0.0015010516229297013,5.754082570525669e-05,1.9316971222183357,0.029710031760541714,AUTO,0,0
1763754925.311025,220000.0,133.8731242296665,20000.0,1472.6043665263314,48015050.68759861,712273.1613249882,47302777.52627362,41.7265874849154,36.08196961248886,0.02276051590867271,0.9412406709423844,50.01705316508223,0.0015019972785095224,5.774943643838302e-05,1.9382669524303182,0.029808958588503517,AUTO,0,0
1763754926.065551,220000.0,131.5926896537722,20000.0,1447.519586191494,47197322.68922758,701725.0651467512,46495597.62408083,41.73171197726934,36.08534060799705,0.02275798410480042,0.9412441537785977,50.01705316508223,0.001502886731018263,5.795817070658e-05,1.9447246743225517,0.02990642040310723,AUTO,0,0
1763754926.7972972,220000.0,129.97464517317533,20000.0,1429.7210969049286,47655774.406979606,694350.7477506446,46961423.65922896,41.736605810502034,36.08861162848368,0.022755527656917848,0.9622182340972808,50.01705316508223,0.0015037366399596392,5.81670230176855e-05,1.9512470942752225,0.030002858006961487,AUTO,0,0
1763754936.826616,220000.0,135.68775925499884,20000.0,1492.5653518049874,49858551.127987206,720796.1914348593,49137754.936552346,41.74231007539826,36.09223532864798,0.022752806665704825,0.9643077899516047,50.01705316508223,0.0015047279026990958,5.837601300417149e-05,1.9580717824608547,0.030102968589105217,AUTO,0,0
1763754937.508814,220000.0,131.55665233630634,20000.0,1447.1231756993698,47295128.373760745,701559.829933057,46593568.54382769,41.7474220312207,36.09560190329812,0.022750279038382656,0.9434530369107047,50.01705316508223,0.001505616791676818,5.8585126447459934e-05,1.9645431114252752,0.030200407454373697,AUTO,0,0
1763754938.2169805,220000.0,134.82520479227398,20000.0,1483.0772527150139,48685072.133067645,716730.6118029826,47968341.521264665,41.752998532836074,36.09917087147352,0.022747599760441314,0.9476357165510452,50.01705316508223,0.0015065870567345452,5.879437464978418e-05,1.9712053810810064,0.030299953372679666,AUTO,0,0
1763754938.9326801,220000.0,130.39186609823102,20000.0,1434.310527080541,47703856.32208191,696243.5230855446,47007612.79899637,41.757942361391805,36.10246513677736,0.022745126986107325,0.9601070956718517,50.01705316508223,0.001507447764795459,5.9003742394894655e-05,1.9777342161919782,0.0303966538619971,AUTO,0,0
